Time,X,Y,Z,DiffX,DiffY,DiffZ,Zrange,Gas1L,Gas1R
0,0.0072965384,0.0796328485,0.0439030491,0.0000000000,0.0000000000,0.0000000000,18,20661,20034
10,0.0068443231,0.0796595290,0.0456031337,-0.0004522153,0.0000266805,0.0017000847,18,20661,20034
20,0.0073822187,0.0796211064,0.0457674153,0.0000856803,-0.0000117421,0.0018643662,17,20661,20034
30,0.0073886472,0.0799906105,0.0344600827,0.0000921087,0.0003577620,-0.0094429664,17,20661,20034
40,0.0059261722,0.0796621889,0.0346123949,-0.0013703662,0.0000293404,-0.0092906542,17,20661,20034
50,0.0062482874,0.0789624900,0.0374394879,-0.0010482511,-0.0006703585,-0.0064635612,17,20661,20034
60,0.0057048569,0.0797875524,0.0401938558,-0.0015916815,0.0001547039,-0.0037091933,17,20661,20034
70,0.0060681733,0.0803393275,0.0321388356,-0.0012283651,0.0007064790,-0.0117642134,17,20661,20034
80,0.0058041909,0.0797845870,0.0324047320,-0.0014923476,0.0001517385,-0.0114983171,17,20661,20034
90,0.0060142982,0.0803201720,0.0324381888,-0.0012822403,0.0006873235,-0.0114648603,17,20661,20034
100,0.0072064199,0.0804041848,0.0307110082,-0.0000901185,0.0007713363,-0.0131920408,17,20661,20034
110,0.0066899047,0.0792473033,0.0288464651,-0.0006066337,-0.0003855452,-0.0150565840,17,20661,20034
120,0.0066058272,0.0797759295,0.0319120362,-0.0006907112,0.0001430809,-0.0119910128,17,20661,20034
130,0.0073095490,0.0796265975,0.0316894315,0.0000130106,-0.0000062510,-0.0122136176,17,20661,20034
140,0.0065058847,0.0810230374,0.0344361402,-0.0007906538,0.0013901889,-0.0094669089,17,20661,20034
150,0.0067821005,0.0802400485,0.0429477692,-0.0005144379,0.0006072000,-0.0009552799,17,20661,20034
160,0.0060623731,0.0785429254,0.0331311636,-0.0012341654,-0.0010899231,-0.0107718855,17,20661,20034
170,0.0058404393,0.0790252909,0.0421996266,-0.0014560991,-0.0006075576,-0.0017034225,17,20661,20034
180,0.0070823743,0.0789134875,0.0454372168,-0.0002141641,-0.0007193610,0.0015341677,17,20661,20034
190,0.0066849142,0.0787566155,0.0491432324,-0.0006116242,-0.0008762330,0.0052401833,17,20661,20034
200,0.0076280674,0.0784819722,0.0366562456,0.0003315290,-0.0011508763,-0.0072468035,16,20661,20034
210,0.0062183253,0.0784044117,0.0432771593,-0.0010782131,-0.0012284368,-0.0006258897,16,20668,20034
220,0.0061396165,0.0793762431,0.0437563322,-0.0011569220,-0.0002566054,-0.0001467168,16,20668,20034
230,0.0064222352,0.0793331638,0.0463213399,-0.0008743033,-0.0002996847,0.0024182908,16,20668,20034
240,0.0072985501,0.0795602798,0.0351693183,0.0000020117,-0.0000725687,-0.0087337308,15,20668,20034
250,0.0071945409,0.0786347091,0.0361118987,-0.0001019975,-0.0009981394,-0.0077911504,15,20668,20034
260,0.0073190848,0.0791430399,0.0385602005,0.0000225464,-0.0004898086,-0.0053428486,15,20668,20034
270,0.0074424963,0.0786461905,0.0388122126,0.0001459578,-0.0009866580,-0.0050908364,15,20668,20034
280,0.0071581244,0.0796053186,0.0410489477,-0.0001384141,-0.0000275299,-0.0028541014,19,20668,20034
290,0.0072819628,0.0799301267,0.0329230726,-0.0000145757,0.0002972782,-0.0109799765,19,20668,20034
300,0.0069679162,0.0799137056,0.0327373818,-0.0003286223,0.0002808571,-0.0111656673,19,20668,20034
310,0.0070633078,0.0791579708,0.0331133939,-0.0002332306,-0.0004748777,-0.0107896551,19,20668,20034
320,0.0069459029,0.0798363909,0.0359031558,-0.0003506355,0.0002035424,-0.0079998933,19,20668,20034
330,0.0078652399,0.0770494267,0.0317351259,0.0005687014,-0.0025834218,-0.0121679232,16,20668,20034
340,0.0071101831,0.0767922029,0.0454298630,-0.0001863553,-0.0028406456,0.0015268140,16,20668,20034
350,0.0103018200,0.0755743012,0.0480237231,0.0030052816,-0.0040585473,0.0041206740,16,20668,20034
360,0.0100588547,0.0743772909,0.0674768835,0.0027623163,-0.0052555576,0.0235738344,16,20668,20034
370,0.0099812355,0.0748414174,0.0544191971,0.0026846970,-0.0047914311,0.0105161481,17,20668,20034
380,0.0100696171,0.0748265535,0.0550750941,0.0027730786,-0.0048062950,0.0111720450,17,20668,20034
390,0.0094481157,0.0745877624,0.0552265570,0.0021515773,-0.0050450861,0.0113235079,17,20668,20034
400,0.0104482183,0.0740096867,0.0592151769,0.0031516799,-0.0056231618,0.0153121278,17,20668,20034
410,0.0114010312,0.0740915909,0.0595657155,0.0041044927,-0.0055412576,0.0156626664,13,20668,20034
420,0.0082827443,0.0700393096,0.0537999012,0.0009862059,-0.0095935389,0.0098968521,13,20668,20034
430,0.0095478697,0.0679840073,0.0689060465,0.0022513312,-0.0116488412,0.0250029974,13,20668,20034
440,0.0095746359,0.0674634278,0.0854723454,0.0022780974,-0.0121694207,0.0415692963,13,20668,20034
450,0.0068882895,0.0659660101,0.0848223493,-0.0004082490,-0.0136668384,0.0409193002,13,20668,20034
460,0.0049229143,0.0685945675,0.0613570549,-0.0023736241,-0.0110382810,0.0174540058,16,20668,20058
470,0.0038493809,0.0685766190,0.0622031279,-0.0034471576,-0.0110562295,0.0183000788,16,20668,20058
480,0.0066613914,0.0677933171,0.0802647769,-0.0006351471,-0.0118395314,0.0363617279,16,20668,20058
490,0.0075540366,0.0682159066,0.0783014894,0.0002574981,-0.0114169419,0.0343984403,16,20668,20058
500,0.0082991989,0.0690686703,0.0607257187,0.0010026605,-0.0105641782,0.0168226697,13,20668,20058
510,0.0067060064,0.0685829818,0.0676095933,-0.0005905321,-0.0110498667,0.0237065442,13,20668,20058
520,0.0074746930,0.0682770163,0.0696945414,0.0001781546,-0.0113558322,0.0257914923,13,20668,20058
530,0.0082919933,0.0684540644,0.0697841197,0.0009954548,-0.0111787841,0.0258810706,13,20668,20058
540,0.0082959142,0.0687571019,0.0713174343,0.0009993757,-0.0108757466,0.0274143852,13,20668,20058
550,0.0080163619,0.0707405657,0.0511950813,0.0007198234,-0.0088922828,0.0072920322,15,20668,20058
560,0.0085482066,0.0695542246,0.0550897866,0.0012516682,-0.0100786239,0.0111867376,15,20668,20058
570,0.0082179885,0.0692436919,0.0551664643,0.0009214501,-0.0103891566,0.0112634152,15,20668,20058
580,0.0076243123,0.0704085678,0.0564979799,0.0003277739,-0.0092242807,0.0125949308,15,20668,20058
590,0.0086160423,0.0698271692,0.0462102145,0.0013195039,-0.0098056793,0.0023071654,17,20668,20058
600,0.0079749962,0.0702012181,0.0470958836,0.0006784578,-0.0094316304,0.0031928346,17,20668,20058
610,0.0080713704,0.0694583803,0.0471048169,0.0007748320,-0.0101744682,0.0032017678,17,20668,20058
620,0.0080700209,0.0694165453,0.0469204038,0.0007734825,-0.0102163032,0.0030173548,17,20668,20058
630,0.0068341591,0.0697034597,0.0467694812,-0.0004623793,-0.0099293888,0.0028664321,17,20668,20058
640,0.0074628806,0.0708429739,0.0368804485,0.0001663421,-0.0087898746,-0.0070226006,17,20668,20058
650,0.0084497090,0.0707235336,0.0370935313,0.0011531706,-0.0089093149,-0.0068095177,17,20668,20058
660,0.0082279965,0.0697085112,0.0384535827,0.0009314581,-0.0099243373,-0.0054494664,17,20668,20058
670,0.0088234078,0.0697809160,0.0377469733,0.0015268694,-0.0098519325,-0.0061560757,17,20668,20058
680,0.0088566104,0.0703730062,0.0289517920,0.0015600719,-0.0092598423,-0.0149512570,14,20668,20058
690,0.0089767408,0.0698548183,0.0282650106,0.0016802023,-0.0097780302,-0.0156380385,14,20668,20058
700,0.0083113750,0.0695034117,0.0272762999,0.0010148366,-0.0101294369,-0.0166267492,14,20668,20058
710,0.0080788722,0.0708478391,0.0282197259,0.0007823338,-0.0087850094,-0.0156833231,14,20674,20058
720,0.0087262243,0.0701728612,0.0262814090,0.0014296859,-0.0094599873,-0.0176216401,14,20674,20058
730,0.0087636495,0.0701735988,0.0251070447,0.0014671111,-0.0094592497,-0.0187960044,14,20674,20058
740,0.0081975823,0.0702456832,0.0243126843,0.0009010439,-0.0093871653,-0.0195903648,14,20674,20058
750,0.0087305028,0.0703719035,0.0242099930,0.0014339644,-0.0092609450,-0.0196930561,14,20674,20058
760,0.0071282098,0.0709929094,0.0244766362,-0.0001683286,-0.0086399391,-0.0194264129,17,20674,20058
770,0.0084867431,0.0713684186,0.0266424119,0.0011902046,-0.0082644299,-0.0172606371,17,20674,20058
780,0.0085836835,0.0708970428,0.0270134639,0.0012871451,-0.0087358057,-0.0168895852,17,20674,20058
790,0.0077147670,0.0705496743,0.0274273045,0.0004182286,-0.0090831742,-0.0164757445,17,20674,20058
800,0.0077792890,0.0698312521,0.0261180364,0.0004827506,-0.0098015964,-0.0177850127,17,20674,20058
810,0.0074750213,0.0704344511,0.0250151288,0.0001784828,-0.0091983974,-0.0188879203,19,20674,20058
820,0.0050424468,0.0706967637,0.0221128836,-0.0022540917,-0.0089360848,-0.0217901655,19,20674,20058
830,0.0053304872,0.0708934143,0.0314324535,-0.0019660513,-0.0087394342,-0.0124705955,19,20674,20058
840,0.0043850415,0.0702572688,0.0310794301,-0.0029114969,-0.0093755797,-0.0128236189,19,20674,20058
850,0.0034370176,0.0715143457,0.0264035389,-0.0038595209,-0.0081185028,-0.0174995102,17,20674,20058
860,0.0054914546,0.0705405176,0.0390386432,-0.0018050838,-0.0090923309,-0.0048644058,17,20674,20058
870,0.0043247556,0.0710515082,0.0469053127,-0.0029717828,-0.0085813403,0.0030022636,17,20674,20058
880,0.0030632853,0.0701354146,0.0490350500,-0.0042332532,-0.0094974339,0.0051320009,17,20674,20058
890,0.0025051665,0.0701961219,0.0506340265,-0.0047913720,-0.0094367266,0.0067309774,17,20674,20058
900,0.0027947954,0.0699964017,0.0397619233,-0.0045017430,-0.0096364468,-0.0041411258,18,20674,20058
910,0.0028260448,0.0714749917,0.0413660966,-0.0044704936,-0.0081578568,-0.0025369525,18,20674,20058
920,0.0034953493,0.0702432841,0.0471047647,-0.0038011891,-0.0093895644,0.0032017156,18,20674,20058
930,0.0014347618,0.0715697482,0.0575532354,-0.0058617766,-0.0080631003,0.0136501864,18,20674,20058
940,0.0021654109,0.0710258037,0.0476540178,-0.0051311275,-0.0086070448,0.0037509687,19,20674,20058
950,0.0021180701,0.0710387155,0.0481425449,-0.0051784683,-0.0085941330,0.0042394958,19,20674,20058
960,0.0020817842,0.0710479096,0.0486018471,-0.0052147543,-0.0085849389,0.0046987981,19,20674,20058
970,0.0021123895,0.0706836954,0.0489304252,-0.0051841489,-0.0089491531,0.0050273761,19,20674,20048
980,0.0035469928,0.0702665672,0.0372235551,-0.0037495457,-0.0093662813,-0.0066794939,19,20674,20048
990,0.0045259739,0.0707337707,0.0362177379,-0.0027705645,-0.0088990778,-0.0076853111,19,20674,20048
1000,0.0027801758,0.0715511888,0.0439632609,-0.0045163627,-0.0080816597,0.0000602119,19,20674,20048
1010,0.0039349799,0.0703260452,0.0516657531,-0.0033615585,-0.0093068033,0.0077627040,19,20674,20048
1020,0.0039184690,0.0706260055,0.0544189066,-0.0033780695,-0.0090068430,0.0105158575,19,20674,20048
1030,0.0072965384,0.0796328485,0.3000000119,0.0000000000,0.0000000000,0.2560969628,14,20674,20048
1040,0.0086562522,0.0791199878,-1.5997899771,0.0013597137,-0.0005128607,-1.6436930262,14,20674,20048
1050,0.0098556820,0.0780762434,-1.5105750561,0.0025591436,-0.0015566051,-1.5544781052,14,20674,20048
1060,0.0120445117,0.0779897571,-1.3680047989,0.0047479733,-0.0016430914,-1.4119078480,14,20674,20048
1070,0.0693102255,0.0555808097,-0.1718415022,0.0620136871,-0.0240520388,-0.2157445513,16,20674,20048
1080,0.0919268131,0.0489163734,-0.0415368825,0.0846302747,-0.0307164751,-0.0854399316,16,20674,20048
1090,0.1130427718,0.0401372500,0.0749415904,0.1057462334,-0.0394955985,0.0310385413,16,20674,20048
1100,0.1342651248,0.0323995315,0.1902748495,0.1269685864,-0.0472333170,0.1463718005,16,20674,20048
1110,0.1483530402,0.0277814623,0.2481113523,0.1410565018,-0.0518513862,0.2042083032,19,20674,20048
1120,0.1513404995,0.0284528006,0.2510321736,0.1440439611,-0.0511800479,0.2071291246,19,20674,20048
1130,0.1534527391,0.0301122181,0.2676492929,0.1461562007,-0.0495206304,0.2237462439,19,20674,20048
1140,0.1549342871,0.0327896364,0.2789691389,0.1476377486,-0.0468432121,0.2350660898,19,20674,20048
1150,0.1554186046,0.0349035040,0.2892879844,0.1481220662,-0.0447293445,0.2453849353,19,20674,20048
1160,0.1415630132,0.0406995043,0.2079716325,0.1342664747,-0.0389333442,0.1640685834,18,20674,20048
1170,0.1385589987,0.0349660665,0.2130746096,0.1312624603,-0.0446667820,0.1691715606,18,20674,20048
1180,0.1311358511,0.0409105681,0.2123418897,0.1238393127,-0.0387222804,0.1684388407,18,20674,20048
1190,0.1331732720,0.0369372740,0.2192441225,0.1258767336,-0.0426955745,0.1753410734,18,20674,20048
1200,0.1345586181,0.0369902998,0.1143044606,0.1272620796,-0.0426425487,0.0704014115,19,20674,20048
1210,0.1401196718,0.0319339670,0.1176892668,0.1328231334,-0.0476988815,0.0737862177,19,20681,20048
1220,0.1472284198,0.0224813316,0.1269392371,0.1399318813,-0.0571515169,0.0830361880,19,20681,20048
1230,0.1474200040,0.0155844381,0.1259880513,0.1401234656,-0.0640484104,0.0820850022,19,20681,20048
1240,0.1516993344,0.0189199410,0.1280404031,0.1444027959,-0.0607129075,0.0841373540,19,20681,20048
1250,0.1833190173,-0.0045649600,0.0907372311,0.1760224788,-0.0841978085,0.0468341820,17,20681,20048
1260,0.1902114153,-0.0078394059,0.0958537534,0.1829148768,-0.0874722544,0.0519507043,17,20681,20048
1270,0.1970768720,-0.0105077550,0.0989327431,0.1897803335,-0.0901406035,0.0550296940,17,20681,20048
1280,0.1950356811,-0.0117776589,0.0922714174,0.1877391427,-0.0914105074,0.0483683683,17,20681,20048
1290,0.2171302140,-0.0223935843,0.0814018995,0.2098336755,-0.1020264328,0.0374988504,19,20681,20048
1300,0.2201253623,-0.0266005583,0.0761402324,0.2128288238,-0.1062334068,0.0322371833,19,20681,20048
1310,0.2230460048,-0.0275656898,0.0723357648,0.2157494663,-0.1071985383,0.0284327157,19,20681,20048
1320,0.2240639478,-0.0309037566,0.0701301470,0.2167674094,-0.1105366051,0.0262270980,19,20681,20048
1330,0.2438391745,-0.0390110835,0.0507343262,0.2365426361,-0.1186439320,0.0068312772,18,20681,20048
1340,0.2407862097,-0.0429669432,0.0453479365,0.2334896713,-0.1225997917,0.0014448874,18,20681,20048
1350,0.2156939656,-0.0270878077,0.0622996129,0.2083974271,-0.1067206562,0.0183965638,18,20681,20048
1360,0.2149055153,-0.0276400652,0.0577298440,0.2076089769,-0.1072729137,0.0138267949,18,20681,20048
1370,0.1885149479,-0.0137241706,0.0748881847,0.1812184094,-0.0933570191,0.0309851356,18,20681,20048
1380,0.2080991268,-0.0249515884,0.0549873672,0.2008025884,-0.1045844369,0.0110843182,14,20681,20048
1390,0.2027274072,-0.0239202287,0.0552736819,0.1954308688,-0.1035530772,0.0113706328,14,20681,20048
1400,0.2006887496,-0.0229101609,0.0538794659,0.1933922111,-0.1025430094,0.0099764168,14,20681,20048
1410,0.2006817311,-0.0235092770,0.0509161986,0.1933851927,-0.1031421255,0.0070131496,14,20681,20048
1420,0.2164117098,-0.0329998955,0.0350723565,0.2091151713,-0.1126327440,-0.0088306926,19,20681,20048
1430,0.2155272216,-0.0325763598,0.0334228277,0.2082306831,-0.1122092083,-0.0104802214,19,20681,20048
1440,0.2162246704,-0.0332860909,0.0304164160,0.2089281320,-0.1129189394,-0.0134866331,19,20681,20048
1450,0.2161071301,-0.0330533385,0.0280545894,0.2088105916,-0.1126861870,-0.0158484597,19,20681,20048
1460,0.2179950029,-0.0347711779,0.0237948410,0.2106984644,-0.1144040264,-0.0201082081,19,20681,20048
1470,0.2190741450,-0.0356140062,0.0200952757,0.2117776065,-0.1152468547,-0.0238077734,19,20681,20046
1480,0.2184282690,-0.0353478342,0.0181783568,0.2111317306,-0.1149806827,-0.0257246923,19,20681,20046
1490,0.2157078832,-0.0332785882,0.0190273412,0.2084113448,-0.1129114367,-0.0248757079,19,20681,20046
1500,0.2152097076,-0.0333944745,0.0171697047,0.2079131692,-0.1130273230,-0.0267333444,19,20681,20046
1510,0.2148624659,-0.0333172493,0.0154986773,0.2075659274,-0.1129500978,-0.0284043718,15,20681,20046
1520,0.2160786837,-0.0335678384,0.0120141879,0.2087821453,-0.1132006869,-0.0318888612,15,20681,20046
1530,0.2173203975,-0.0349063538,0.0082049267,0.2100238591,-0.1145392023,-0.0356981223,15,20681,20046
1540,0.2180401683,-0.0355348438,0.0052289697,0.2107436298,-0.1151676923,-0.0386740793,15,20681,20046
1550,0.2167484462,-0.0342823565,0.0051604742,0.2094519078,-0.1139152050,-0.0387425749,18,20681,20046
1560,0.2109482139,-0.0320538133,0.0116405133,0.2036516755,-0.1116866618,-0.0322625358,18,20681,20046
1570,0.2069940865,-0.0288854539,0.0164644569,0.1996975481,-0.1085183024,-0.0274385922,18,20681,20046
1580,0.2065308988,-0.0276951827,0.0152853820,0.1992343604,-0.1073280312,-0.0286176670,18,20681,20046
1590,0.1999450624,-0.0258397702,0.0252297893,0.1926485240,-0.1054726187,-0.0186732598,18,20681,20046
1600,0.2011690289,-0.0266138706,0.0215199552,0.1938724904,-0.1062467191,-0.0223830938,18,20681,20046
1610,0.2005809993,-0.0259812493,0.0212128814,0.1932844608,-0.1056140978,-0.0226901677,18,20681,20046
1620,0.1985958964,-0.0239460077,0.0241920017,0.1912993579,-0.1035788562,-0.0197110474,18,20681,20046
1630,0.1973920465,-0.0237916261,0.0250374079,0.1900955080,-0.1034244746,-0.0188656412,18,20681,20046
1640,0.1976800412,-0.0239551831,0.0231663752,0.1903835027,-0.1035880316,-0.0207366738,17,20681,20046
1650,0.1965571940,-0.0240469743,0.0245949570,0.1892606555,-0.1036798228,-0.0193080921,17,20681,20046
1660,0.1960550249,-0.0236771367,0.0245003384,0.1887584864,-0.1033099853,-0.0194027107,17,20681,20046
1670,0.1946759671,-0.0223921333,0.0276244432,0.1873794287,-0.1020249818,-0.0162786059,17,20681,20046
1680,0.1949566156,-0.0227827393,0.0263078194,0.1876600771,-0.1024155878,-0.0175952297,17,20681,20046
1690,0.1957903802,-0.0234267879,0.0231145509,0.1884938418,-0.1030596364,-0.0207884982,17,20681,20046
1700,0.1956879199,-0.0231124796,0.0229467042,0.1883913814,-0.1027453281,-0.0209563449,17,20681,20046
1710,0.1950978488,-0.0225611366,0.0235597324,0.1878013103,-0.1021939851,-0.0203433167,17,20685,20046
1720,0.1937885582,-0.0221611708,0.0277020857,0.1864920198,-0.1017940193,-0.0162009634,17,20685,20046
1730,0.1938218921,-0.0219740346,0.0253093876,0.1865253537,-0.1016068831,-0.0185936615,16,20685,20046
1740,0.1921990514,-0.0216851011,0.0302704107,0.1849025129,-0.1013179496,-0.0136326384,16,20685,20046
1750,0.1916834116,-0.0214442089,0.0321495272,0.1843868732,-0.1010770574,-0.0117535219,16,20685,20046
1760,0.1903521717,-0.0204001851,0.0361322463,0.1830556332,-0.1000330336,-0.0077708028,16,20685,20046
1770,0.1901212484,-0.0206312854,0.0368421674,0.1828247099,-0.1002641339,-0.0070608817,19,20685,20046
1780,0.1887227446,-0.0197813008,0.0415357836,0.1814262061,-0.0994141493,-0.0023672655,19,20685,20046
1790,0.1859261841,-0.0177252702,0.0568537153,0.1786296456,-0.0973581187,0.0129506662,19,20685,20046
1800,0.1847097427,-0.0172177274,0.0611418709,0.1774132042,-0.0968505759,0.0172388218,19,20685,20046
1810,0.1836538613,-0.0165796895,0.0648263767,0.1763573228,-0.0962125380,0.0209233277,19,20685,20046
1820,0.1866953969,-0.0188515112,0.0558598451,0.1793988585,-0.0984843597,0.0119567961,20,20685,20046
1830,0.1863064766,-0.0179387648,0.0642425418,0.1790099381,-0.0975716133,0.0203394927,20,20685,20046
1840,0.1854711473,-0.0171661694,0.0746718571,0.1781746089,-0.0967990179,0.0307688080,20,20685,20046
1850,0.1860670894,-0.0169447958,0.0774378553,0.1787705510,-0.0965776443,0.0335348062,20,20685,20046
1860,0.1884360611,-0.0179951768,0.0576908663,0.1811395227,-0.0976280253,0.0137878172,11,20685,20046
1870,0.1883059889,-0.0177778881,0.0592989922,0.1810094505,-0.0974107366,0.0153959431,11,20685,20046
1880,0.1885885745,-0.0180046353,0.0639386773,0.1812920361,-0.0976374839,0.0200356282,11,20685,20046
1890,0.1878668964,-0.0172644611,0.0687517375,0.1805703579,-0.0968973096,0.0248486884,11,20685,20046
1900,0.1875678599,-0.0170839895,0.0752062425,0.1802713214,-0.0967168380,0.0313031934,18,20685,20046
1910,0.1875670999,-0.0172606148,0.0539896339,0.1802705615,-0.0968934633,0.0100865848,18,20685,20046
1920,0.1868513525,-0.0164871700,0.0800001398,0.1795548140,-0.0961200185,0.0360970907,18,20685,20046
1930,0.1868616194,-0.0162241142,0.0821214765,0.1795650809,-0.0958569627,0.0382184274,18,20685,20046
1940,0.1846051812,-0.0153280152,0.0901383683,0.1773086428,-0.0949608637,0.0462353192,18,20685,20046
1950,0.1850611269,-0.0162979066,0.0756178424,0.1777645885,-0.0959307551,0.0317147933,16,20685,20046
1960,0.1849505603,-0.0162401907,0.0794741884,0.1776540219,-0.0958730392,0.0355711393,16,20685,20046
1970,0.1852965206,-0.0160838701,0.0803881511,0.1779999821,-0.0957167186,0.0364851020,16,20685,20046
1980,0.1852546930,-0.0160131175,0.0832966343,0.1779581546,-0.0956459660,0.0393935852,16,20685,20046
1990,0.1847926974,-0.0167074446,0.0638006330,0.1774961590,-0.0963402931,0.0198975839,16,20685,20046
2000,0.1844467968,-0.0161083229,0.0717961341,0.1771502583,-0.0957411714,0.0278930850,16,20685,20046
2010,0.1839497983,-0.0162629578,0.0759409219,0.1766532599,-0.0958958063,0.0320378728,16,20685,20046
2020,0.1855176240,-0.0166819002,0.0797310174,0.1782210856,-0.0963147487,0.0358279683,16,20685,20046
2030,0.1837659776,-0.0157129392,0.0950084031,0.1764694392,-0.0953457877,0.0511053540,15,20685,20046
2040,0.1847546548,-0.0162890814,0.0683947429,0.1774581163,-0.0959219299,0.0244916938,15,20685,20046
2050,0.1847442240,-0.0158712342,0.0690955892,0.1774476855,-0.0955040827,0.0251925401,15,20685,20046
2060,0.1849120110,-0.0164309088,0.0745931789,0.1776154726,-0.0960637573,0.0306901298,15,20685,20046
2070,0.1847298890,-0.0164300334,0.0762060359,0.1774333506,-0.0960628819,0.0323029868,15,20685,20046
2080,0.1859070957,-0.0170934461,0.0547271483,0.1786105572,-0.0967262946,0.0108240992,17,20685,20046
2090,0.1860359609,-0.0168568268,0.0547183380,0.1787394225,-0.0964896753,0.0108152889,17,20685,20046
2100,0.1863342971,-0.0162453875,0.0532245710,0.1790377586,-0.0958782360,0.0093215220,17,20685,20046
2110,0.1855505854,-0.0167073198,0.0616904534,0.1782540469,-0.0963401683,0.0177874044,17,20685,20046
2120,0.1863219887,-0.0170216542,0.0458818451,0.1790254503,-0.0966545027,0.0019787960,15,20685,20046
2130,0.1864644438,-0.0166528337,0.0455045775,0.1791679054,-0.0962856822,0.0016015284,15,20685,20046
2140,0.1864004731,-0.0166271888,0.0453997031,0.1791039347,-0.0962600373,0.0014966540,15,20685,20046
2150,0.1857482046,-0.0165948179,0.0446418710,0.1784516661,-0.0962276664,0.0007388219,15,20685,20046
2160,0.1859328002,-0.0168009568,0.0461555421,0.1786362617,-0.0964338053,0.0022524931,15,20685,20046
2170,0.1852105111,-0.0181042533,0.0332044810,0.1779139726,-0.0977371018,-0.0106985681,18,20685,20046
2180,0.1864873618,-0.0196406096,0.0364446491,0.1791908233,-0.0992734581,-0.0074584000,18,20685,20046
2190,0.1856458932,-0.0197379980,0.0451532342,0.1783493548,-0.0993708465,0.0012501851,18,20685,20046
2200,0.1868643612,-0.0209552050,0.0431508459,0.1795678227,-0.1005880535,-0.0007522032,18,20685,20046
2210,0.1861172765,-0.0205917619,0.0419558249,0.1788207381,-0.1002246104,-0.0019472241,16,20691,20046
2220,0.1859618425,-0.0207348038,0.0411033034,0.1786653041,-0.1003676523,-0.0027997456,16,20691,20046
2230,0.1863694936,-0.0208136290,0.0410329103,0.1790729552,-0.1004464775,-0.0028701387,16,20691,20046
2240,0.1863985509,-0.0208480339,0.0404754169,0.1791020124,-0.1004808825,-0.0034276322,16,20691,20046
2250,0.1868075281,-0.0217189603,0.0424545333,0.1795109897,-0.1013518088,-0.0014485158,16,20691,20046
2260,0.1871669441,-0.0211907178,0.0348088704,0.1798704057,-0.1008235663,-0.0090941787,16,20691,20046
2270,0.1866545528,-0.0209896825,0.0342560932,0.1793580144,-0.1006225310,-0.0096469559,16,20691,20046
2280,0.1865746379,-0.0209649559,0.0341133513,0.1792780994,-0.1005978044,-0.0097896978,16,20691,20046
2290,0.1865088195,-0.0209399480,0.0338078626,0.1792122810,-0.1005727965,-0.0100951865,16,20691,20046
2300,0.1864214540,-0.0208184104,0.0276405197,0.1791249155,-0.1004512589,-0.0162625294,19,20691,20046
2310,0.1872656047,-0.0214398149,0.0294223242,0.1799690663,-0.1010726634,-0.0144807249,19,20691,20046
2320,0.1867058724,-0.0213653333,0.0313123912,0.1794093340,-0.1009981818,-0.0125906579,19,20691,20046
2330,0.1873305887,-0.0218301248,0.0308804009,0.1800340503,-0.1014629733,-0.0130226482,19,20691,20046
2340,0.1868052632,-0.0220598206,0.0263097659,0.1795087247,-0.1016926691,-0.0175932832,16,20691,20046
2350,0.1871283799,-0.0214624293,0.0288684722,0.1798318415,-0.1010952778,-0.0150345769,16,20691,20046
2360,0.1862847507,-0.0214642975,0.0303193405,0.1789882123,-0.1010971460,-0.0135837086,16,20691,20046
2370,0.1867168546,-0.0221012067,0.0339265428,0.1794203161,-0.1017340552,-0.0099765062,16,20691,20046
2380,0.1857428551,-0.0214032326,0.0376811549,0.1784463166,-0.1010360811,-0.0062218942,16,20691,20046
2390,0.1863285005,-0.0212390814,0.0313044861,0.1790319621,-0.1008719299,-0.0125985630,17,20691,20046
2400,0.1867012978,-0.0212235022,0.0313143209,0.1794047593,-0.1008563507,-0.0125887282,17,20691,20046
2410,0.1867358088,-0.0211273208,0.0311326608,0.1794392704,-0.1007601693,-0.0127703883,17,20691,20046
2420,0.1867613494,-0.0210510753,0.0308327880,0.1794648110,-0.1006839238,-0.0130702611,17,20691,20046
2430,0.1867067069,-0.0208716355,0.0257514510,0.1794101684,-0.1005044840,-0.0181515981,18,20691,20046
2440,0.1863986850,-0.0207261685,0.0249771252,0.1791021465,-0.1003590170,-0.0189259239,18,20691,20046
2450,0.1867102832,-0.0207483061,0.0255096871,0.1794137447,-0.1003811546,-0.0183933619,18,20691,20046
2460,0.1865754426,-0.0206611026,0.0250203405,0.1792789041,-0.1002939511,-0.0188827086,18,20691,20040
2470,0.1859362572,-0.0207133852,0.0242427345,0.1786397188,-0.1003462337,-0.0196603145,17,20691,20040
2480,0.1859508157,-0.0205440223,0.0216947179,0.1786542772,-0.1001768708,-0.0222083312,17,20691,20040
2490,0.1866500974,-0.0206729248,0.0225040261,0.1793535589,-0.1003057733,-0.0213990230,17,20691,20040
2500,0.1857964694,-0.0208694339,0.0247101840,0.1784999310,-0.1005022824,-0.0191928651,17,20691,20040
2510,0.1857238412,-0.0205715746,0.0260760635,0.1784273027,-0.1002044231,-0.0178269856,17,20691,20040
2520,0.1855858564,-0.0206756406,0.0234481860,0.1782893180,-0.1003084891,-0.0204548631,20,20691,20040
2530,0.1860855967,-0.0206875093,0.0237039365,0.1787890582,-0.1003203578,-0.0201991126,20,20691,20040
2540,0.1862747073,-0.0207057819,0.0230467897,0.1789781689,-0.1003386304,-0.0208562594,20,20691,20040
2550,0.1866106838,-0.0215052515,0.0221492052,0.1793141454,-0.1011381000,-0.0217538439,20,20691,20040
2560,0.1855445951,-0.0209855922,0.0241707973,0.1782480567,-0.1006184407,-0.0197322518,16,20691,20040
2570,0.1849788874,-0.0205372293,0.0226228628,0.1776823490,-0.1001700778,-0.0212801863,16,20691,20040
2580,0.1841061264,-0.0197008289,0.0177224725,0.1768095880,-0.0993336774,-0.0261805765,16,20691,20040
2590,0.1858778745,-0.0183130763,0.0305368192,0.1785813360,-0.0979459248,-0.0133662298,16,20691,20040
2600,0.1864850670,-0.0178318080,0.0343809202,0.1791885286,-0.0974646565,-0.0095221289,19,20691,20040
2610,0.1868466288,-0.0173994284,0.0317559689,0.1795500903,-0.0970322769,-0.0121470802,19,20691,20040
2620,0.1871265322,-0.0175357610,0.0342124216,0.1798299938,-0.0971686095,-0.0096906275,19,20691,20040
2630,0.1866385043,-0.0171906259,0.0365216918,0.1793419658,-0.0968234744,-0.0073813573,19,20691,20040
2640,0.1868191808,-0.0161429737,0.0383530185,0.1795226424,-0.0957758222,-0.0055500306,19,20691,20040
2650,0.1866592616,-0.0169524178,0.0315118395,0.1793627231,-0.0965852663,-0.0123912096,12,20691,20040
2660,0.1861281544,-0.0162577927,0.0326765515,0.1788316160,-0.0958906412,-0.0112264976,12,20691,20040
2670,0.1859280169,-0.0158241913,0.0330157913,0.1786314785,-0.0954570398,-0.0108872578,12,20691,20040
2680,0.1861027628,-0.0156607013,0.0347364396,0.1788062244,-0.0952935498,-0.0091666095,12,20691,20040
2690,0.1871995628,-0.0164799411,0.0280644000,0.1799030243,-0.0961127896,-0.0158386491,15,20691,20040
2700,0.1884392053,-0.0146904904,0.0302526373,0.1811426668,-0.0943233389,-0.0136504117,15,20691,20040
2710,0.1885279715,-0.0143125560,0.0367543139,0.1812314331,-0.0939454045,-0.0071487352,15,20691,20040
2720,0.1886803061,-0.0140072135,0.0386315808,0.1813837676,-0.0936400620,-0.0052714683,15,20691,20040
2730,0.1887682527,-0.0139284125,0.0397039689,0.1814717143,-0.0935612610,-0.0041990802,18,20691,20040
2740,0.1888172626,-0.0137301330,0.0325369425,0.1815207242,-0.0933629815,-0.0113661066,18,20691,20040
2750,0.1888633072,-0.0135680307,0.0327111594,0.1815667688,-0.0932008792,-0.0111918896,18,20691,20040
2760,0.1903817803,-0.0133922035,0.0342018194,0.1830852418,-0.0930250520,-0.0097012296,18,20691,20040
2770,0.1898808479,-0.0125754606,0.0398388878,0.1825843095,-0.0922083091,-0.0040641613,18,20691,20040
2780,0.1893624961,-0.0136851883,0.0321531631,0.1820659577,-0.0933180368,-0.0117498860,17,20691,20040
2790,0.1892239898,-0.0135373939,0.0327820852,0.1819274514,-0.0931702424,-0.0111209638,17,20691,20040
2800,0.1906604767,-0.0137158120,0.0359963439,0.1833639382,-0.0933486605,-0.0079067051,17,20691,20040
2810,0.1887304038,-0.0122985868,0.0470119044,0.1814338653,-0.0919314353,0.0031088553,17,20691,20040
2820,0.1905747056,-0.0131857637,0.0487445593,0.1832781672,-0.0928186122,0.0048415102,18,20691,20040
2830,0.1899932623,-0.0098592220,0.0584288985,0.1826967238,-0.0894920705,0.0145258494,18,20691,20040
2840,0.1904267371,-0.0087998826,0.0618587472,0.1831301986,-0.0884327311,0.0179556981,18,20691,20040
2850,0.1908182204,-0.0087633729,0.0742832795,0.1835216819,-0.0883962214,0.0303802304,18,20691,20040
2860,0.1905034930,-0.0076409597,0.0768005550,0.1832069545,-0.0872738082,0.0328975059,15,20691,20040
2870,0.1892299503,-0.0078438027,0.0563692078,0.1819334119,-0.0874766512,0.0124661587,15,20691,20040
2880,0.1890934259,-0.0075345873,0.0590079166,0.1817968874,-0.0871674358,0.0151048675,15,20691,20040
2890,0.1903810799,-0.0074281581,0.0639038160,0.1830845415,-0.0870610066,0.0200007670,15,20691,20040
2900,0.1890810579,-0.0072061727,0.0687565878,0.1817845195,-0.0868390212,0.0248535387,15,20691,20040
2910,0.1891497523,-0.0076946430,0.0523747057,0.1818532138,-0.0873274915,0.0084716566,19,20691,20040
2920,0.1878351718,-0.0074249236,0.0518961772,0.1805386334,-0.0870577721,0.0079931282,19,20691,20040
2930,0.1896808147,-0.0075362008,0.0613556392,0.1823842763,-0.0871690493,0.0174525902,19,20691,20040
2940,0.1894624978,-0.0089380546,0.0609547123,0.1821659594,-0.0885709031,0.0170516632,19,20691,20040
2950,0.1893421263,-0.0081319483,0.0514187999,0.1820455878,-0.0877647968,0.0075157508,12,20691,20040
2960,0.1891457438,-0.0080642942,0.0517271981,0.1818492054,-0.0876971427,0.0078241490,12,20691,20053
2970,0.1894143522,-0.0084528364,0.0522881560,0.1821178137,-0.0880856849,0.0083851069,12,20691,20053
2980,0.1895120591,-0.0090372460,0.0519830808,0.1822155206,-0.0886700945,0.0080800317,12,20691,20053
2990,0.1903519779,-0.0087264935,0.0532318428,0.1830554395,-0.0883593420,0.0093287937,15,20691,20053
3000,0.1904676259,-0.0098560145,0.0399712995,0.1831710874,-0.0894888630,-0.0039317496,15,20691,20053
3010,0.1897655129,-0.0097649544,0.0410804898,0.1824689745,-0.0893978029,-0.0028225593,15,20691,20053
3020,0.1906484365,-0.0100047160,0.0423842482,0.1833518981,-0.0896375645,-0.0015188009,15,20691,20053
3030,0.1897824109,-0.0098659005,0.0440945700,0.1824858724,-0.0894987490,0.0001915209,15,20691,20053
3040,0.1898867041,-0.0099305501,0.0327239782,0.1825901656,-0.0895633986,-0.0111790709,14,20691,20053
3050,0.1897878349,-0.0094267186,0.0317812003,0.1824912964,-0.0890595671,-0.0121218488,14,20691,20053
3060,0.1901548207,-0.0093025761,0.0314687788,0.1828582822,-0.0889354246,-0.0124342702,14,20691,20053
3070,0.1894412488,-0.0091206068,0.0311576743,0.1821447103,-0.0887534553,-0.0127453748,14,20691,20053
3080,0.1909746230,-0.0088661546,0.0278349556,0.1836780845,-0.0884990031,-0.0160680935,18,20691,20053
3090,0.1891184747,-0.0097899009,0.0344353318,0.1818219363,-0.0894227494,-0.0094677173,18,20691,20053
3100,0.1904195696,-0.0095334267,0.0413877629,0.1831230312,-0.0891662752,-0.0025152862,18,20691,20053
3110,0.1907252073,-0.0092275906,0.0412019566,0.1834286689,-0.0888604391,-0.0027010925,18,20691,20053
3120,0.1904911995,-0.0096545015,0.0429679789,0.1831946610,-0.0892873500,-0.0009350702,15,20691,20053
3130,0.1889759600,-0.0096535673,0.0327178165,0.1816794216,-0.0892864158,-0.0111852325,15,20691,20053
3140,0.1902209371,-0.0097018946,0.0403612964,0.1829243987,-0.0893347431,-0.0035417527,15,20691,20053
3150,0.1906277835,-0.0097733242,0.0399203151,0.1833312451,-0.0894061727,-0.0039827339,15,20691,20053
3160,0.1897817701,-0.0094750067,0.0420206562,0.1824852317,-0.0891078552,-0.0018823929,15,20691,20053
3170,0.1907279491,-0.0086830044,0.0318948478,0.1834314107,-0.0883158529,-0.0120082013,13,20691,20053
3180,0.1902774274,-0.0098970830,0.0359878987,0.1829808890,-0.0895299315,-0.0079151504,13,20691,20053
3190,0.1888857335,-0.0093815224,0.0370480232,0.1815891950,-0.0890143709,-0.0068550259,13,20691,20053
3200,0.1901516914,-0.0090605365,0.0458575003,0.1828551530,-0.0886933850,0.0019544512,13,20691,20053
3210,0.1905470341,-0.0099777412,0.0349355638,0.1832504957,-0.0896105897,-0.0089674853,13,20688,20053
3220,0.1895147264,-0.0075215218,0.0424749777,0.1822181880,-0.0871543703,-0.0014280714,13,20688,20053
3230,0.1901184022,-0.0092910500,0.0603830367,0.1828218638,-0.0889238985,0.0164799877,13,20688,20053
3240,0.1903489381,-0.0091914888,0.0618887208,0.1830523997,-0.0888243373,0.0179856718,13,20688,20053
3250,0.1883642972,-0.0097228130,0.0658007562,0.1810677587,-0.0893556615,0.0218977071,15,20688,20053
3260,0.1889832020,-0.0108962366,0.0497935638,0.1816866635,-0.0905290851,0.0058905147,15,20688,20053
3270,0.1890065074,-0.0100943614,0.0569550022,0.1817099690,-0.0897272099,0.0130519532,15,20688,20053
3280,0.1892918795,-0.0103733689,0.0579108074,0.1819953411,-0.0900062174,0.0140077583,15,20688,20053
3290,0.1894787699,-0.0104328981,0.0585827306,0.1821822315,-0.0900657466,0.0146796815,15,20688,20053
3300,0.1902018785,-0.0100168223,0.0431773551,0.1829053401,-0.0896496708,-0.0007256940,16,20688,20053
3310,0.1912935525,-0.0088935485,0.0406346694,0.1839970141,-0.0885263970,-0.0032683797,16,20688,20053
3320,0.1898550987,-0.0084467819,0.0467412658,0.1825585603,-0.0880796304,0.0028382167,16,20688,20053
3330,0.1898462772,-0.0089241564,0.0504758023,0.1825497388,-0.0885570049,0.0065727532,16,20688,20053
3340,0.1902385950,-0.0083838925,0.0384697840,0.1829420566,-0.0880167410,-0.0054332651,17,20688,20053
3350,0.1902219355,-0.0095392689,0.0393465534,0.1829253971,-0.0891721174,-0.0045564957,17,20688,20053
3360,0.1892010272,-0.0087387003,0.0421275347,0.1819044887,-0.0883715488,-0.0017755143,17,20688,20053
3370,0.1940622032,-0.0109237162,0.0587532930,0.1867656647,-0.0905565647,0.0148502439,17,20688,20053
3380,0.1926000416,-0.0105906939,0.1017103493,0.1853035032,-0.0902235424,0.0578073002,12,20688,20053
3390,0.1944063455,-0.0125526190,0.0703766271,0.1871098070,-0.0921854675,0.0264735781,12,20688,20053
3400,0.1972109079,-0.0111792479,0.0776329637,0.1899143695,-0.0908120964,0.0337299146,12,20688,20053
3410,0.1977966875,-0.0113529172,0.0880995393,0.1905001490,-0.0909857657,0.0441964902,12,20688,20053
3420,0.1991514564,-0.0104512516,0.0886037201,0.1918549179,-0.0900841001,0.0447006710,12,20688,20053
3430,0.2003787458,-0.0102228550,0.0661310852,0.1930822073,-0.0898557035,0.0222280361,15,20688,20053
3440,0.1993756294,-0.0093368487,0.0765407383,0.1920790910,-0.0889696972,0.0326376893,15,20688,20053
3450,0.1988712698,-0.0092524458,0.0767547265,0.1915747314,-0.0888852943,0.0328516774,15,20688,20053
3460,0.1976954937,-0.0102802124,0.0755284801,0.1903989553,-0.0899130609,0.0316254310,15,20688,20050
3470,0.1991229355,-0.0093559474,0.0665636733,0.1918263971,-0.0889887959,0.0226606242,15,20688,20050
3480,0.2014459074,-0.0125963222,0.0691473186,0.1941493689,-0.0922291707,0.0252442695,15,20688,20050
3490,0.2022184283,-0.0127759557,0.0776339918,0.1949218898,-0.0924088042,0.0337309428,15,20688,20050
3500,0.2023834437,-0.0129339537,0.0825214908,0.1950869053,-0.0925668022,0.0386184417,15,20688,20050
3510,0.2021627575,-0.0122787012,0.0857240483,0.1948662191,-0.0919115497,0.0418209992,14,20688,20050
3520,0.1976105422,-0.0122371232,0.0577346869,0.1903140037,-0.0918699717,0.0138316378,14,20688,20050
3530,0.1986746341,-0.0114548784,0.0661850423,0.1913780957,-0.0910877269,0.0222819932,14,20688,20050
3540,0.1994690895,-0.0107117416,0.0675849766,0.1921725511,-0.0903445901,0.0236819275,14,20688,20050
3550,0.2013785094,-0.0126619916,0.0752599239,0.1940819710,-0.0922948401,0.0313568749,14,20688,20050
3560,0.1993256658,-0.0127097135,0.0607880093,0.1920291274,-0.0923425620,0.0168849602,15,20688,20050
3570,0.1975863874,-0.0133391842,0.0580655895,0.1902898489,-0.0929720327,0.0141625404,15,20688,20050
3580,0.1984373927,-0.0130309686,0.0655477867,0.1911408543,-0.0926638171,0.0216447376,15,20688,20050
3590,0.1970632374,-0.0131165991,0.0652065352,0.1897666990,-0.0927494476,0.0213034861,15,20688,20050
3600,0.1965804994,-0.0122223627,0.0476267636,0.1892839610,-0.0918552112,0.0037237145,15,20688,20050
3610,0.1964064091,-0.0132587152,0.0490336306,0.1891098707,-0.0928915637,0.0051305816,15,20688,20050
3620,0.1986703277,-0.0124322930,0.0511925966,0.1913737892,-0.0920651415,0.0072895475,15,20688,20050
3630,0.1967669278,-0.0136863803,0.0661947727,0.1894703894,-0.0933192289,0.0222917236,15,20688,20050
3640,0.1983021051,-0.0131203737,0.0698013976,0.1910055666,-0.0927532222,0.0258983485,13,20688,20050
3650,0.1986386329,-0.0146851176,0.0503622703,0.1913420944,-0.0943179661,0.0064592212,13,20688,20050
3660,0.1936893314,-0.0143384840,0.0613912828,0.1863927930,-0.0939713325,0.0174882337,13,20688,20050
3670,0.1920350343,-0.0129032927,0.0593025945,0.1847384959,-0.0925361412,0.0153995454,13,20688,20050
3680,0.1916936040,-0.0134079615,0.0719980597,0.1843970655,-0.0930408100,0.0280950107,13,20688,20050
3690,0.1955010593,-0.0141941942,0.0616086796,0.1882045208,-0.0938270427,0.0177056305,12,20688,20050
3700,0.1968572587,-0.0094445227,0.0618297905,0.1895607202,-0.0890773712,0.0179267414,12,20688,20050
3710,0.1961542368,-0.0078101545,0.0661772937,0.1888576983,-0.0874430030,0.0222742446,12,20701,20050
3720,0.1971273273,-0.0077794646,0.0748763978,0.1898307889,-0.0874123131,0.0309733488,12,20701,20050
3730,0.1985382736,-0.0082446793,0.0561762601,0.1912417351,-0.0878775278,0.0122732110,10,20701,20050
3740,0.1959050745,-0.0070898719,0.0643750578,0.1886085360,-0.0867227204,0.0204720087,10,20701,20050
3750,0.1960124969,-0.0082654525,0.0671938211,0.1887159585,-0.0878983010,0.0232907720,10,20701,20050
3760,0.1961422116,-0.0082848221,0.0676136464,0.1888456731,-0.0879176706,0.0237105973,10,20701,20050
3770,0.1958529800,-0.0084897671,0.0672370717,0.1885564416,-0.0881226156,0.0233340226,16,20701,20050
3780,0.1912768334,-0.0082869008,0.0471942648,0.1839802950,-0.0879197493,0.0032912157,16,20701,20050
3790,0.1912469268,-0.0069686128,0.0602161922,0.1839503883,-0.0866014613,0.0163131431,16,20701,20050
3800,0.1901671737,-0.0084644193,0.0635585934,0.1828706353,-0.0880972678,0.0196555443,16,20701,20050
3810,0.1927922666,-0.0071100639,0.0783772096,0.1854957282,-0.0867429124,0.0344741605,16,20701,20050
3820,0.1941195279,-0.0071081067,0.0565153770,0.1868229895,-0.0867409552,0.0126123279,15,20701,20050
3830,0.1931788176,-0.0064990809,0.0596819296,0.1858822792,-0.0861319294,0.0157788806,15,20701,20050
3840,0.1933715492,-0.0064551900,0.0597939864,0.1860750108,-0.0860880385,0.0158909373,15,20701,20050
3850,0.1932678968,-0.0070679258,0.0603780411,0.1859713583,-0.0867007743,0.0164749920,15,20701,20050
3860,0.1941232830,-0.0085196234,0.0580591559,0.1868267446,-0.0881524719,0.0141561069,15,20701,20050
3870,0.1919259280,-0.0042066872,0.0581895187,0.1846293896,-0.0838395357,0.0142864697,15,20701,20050
3880,0.1935430765,-0.0003261401,0.0468866080,0.1862465381,-0.0799589886,0.0029835589,15,20701,20050
3890,0.1971976757,0.0029473447,0.0244734753,0.1899011373,-0.0766855038,-0.0194295738,15,20701,20050
3900,0.1967718005,0.0074339677,-0.0009209844,0.1894752621,-0.0721988808,-0.0448240335,15,20701,20050
3910,0.1992080659,0.0114619909,-0.0167274643,0.1919115274,-0.0681708576,-0.0606305134,16,20701,20050
3920,0.1997155100,0.0150361769,-0.0172508396,0.1924189716,-0.0645966716,-0.0611538887,16,20701,20050
3930,0.1997611672,0.0150208799,-0.0139237856,0.1924646287,-0.0646119686,-0.0578268347,16,20701,20050
3940,0.2028524131,0.0220411401,-0.0308337919,0.1955558746,-0.0575917084,-0.0747368410,16,20701,20050
3950,0.2032843679,0.0241075121,-0.0019362569,0.1959878295,-0.0555253364,-0.0458393060,10,20701,20050
3960,0.2051740140,0.0318887010,-0.0062275059,0.1978774755,-0.0477441475,-0.0501305549,10,20701,20065
3970,0.2061334997,0.0349136814,-0.0002962016,0.1988369613,-0.0447191671,-0.0441992507,10,20701,20065
3980,0.2045729756,0.0359261632,0.0000370095,0.1972764372,-0.0437066853,-0.0438660396,10,20701,20065
3990,0.2041711062,0.0383541062,-0.0018376426,0.1968745678,-0.0412787423,-0.0457406917,0,20701,20065
4000,0.2034028769,0.0357152447,-0.0065696482,0.1961063384,-0.0439176038,-0.0504726972,0,20701,20065
4010,0.2027760148,0.0339752249,-0.0151770515,0.1954794764,-0.0456576236,-0.0590801006,0,20701,20065
4020,0.2020520270,0.0292959064,-0.0326125920,0.1947554885,-0.0503369421,-0.0765156411,0,20701,20065
4030,0.1995567083,0.0235646889,-0.0614301339,0.1922601699,-0.0560681596,-0.1053331830,0,20701,20065
4040,0.1990348101,0.0206576325,-0.0642502904,0.1917382716,-0.0589752160,-0.1081533395,0,20701,20065
4050,0.1973455846,0.0156041216,-0.0943855345,0.1900490462,-0.0640287269,-0.1382885836,0,20701,20065
4060,0.1948860139,0.0157123711,-0.0815846995,0.1875894754,-0.0639204774,-0.1254877485,0,20701,20065
4070,0.1921310425,0.0145801688,-0.0609384291,0.1848345040,-0.0650526797,-0.1048414782,0,20701,20065
4080,0.1905721426,0.0077685849,-0.0211322773,0.1832756042,-0.0718642636,-0.0650353264,5,20701,20065
4090,0.1892130822,0.0050596199,-0.0208580103,0.1819165437,-0.0745732286,-0.0647610594,5,20701,20065
4100,0.1858809739,0.0039832606,-0.0106425937,0.1785844355,-0.0756495879,-0.0545456428,5,20701,20065
4110,0.1840385348,0.0075543695,-0.0095535601,0.1767419963,-0.0720784790,-0.0534566091,5,20701,20065
4120,0.1823563129,0.0073612686,-0.0066689202,0.1750597744,-0.0722715799,-0.0505719692,15,20701,20065
4130,0.1742431670,0.0010706112,0.0127002094,0.1669466286,-0.0785622373,-0.0312028397,15,20701,20065
4140,0.1679873317,-0.0025079777,0.0276497006,0.1606907933,-0.0821408262,-0.0162533484,15,20701,20065
4150,0.1541900039,-0.0063251280,0.0641480610,0.1468934654,-0.0859579765,0.0202450119,15,20701,20065
4160,0.1537889540,-0.0078705940,0.0696913451,0.1464924156,-0.0875034425,0.0257882960,15,20701,20065
4170,0.1475154310,-0.0147754485,0.0733656213,0.1402188926,-0.0944082970,0.0294625722,25,20701,20065
4180,0.1336332262,-0.0205227509,0.0867589712,0.1263366877,-0.1001555994,0.0428559221,25,20701,20065
4190,0.1303450614,-0.0222656466,0.0978545472,0.1230485230,-0.1018984951,0.0539514981,25,20701,20065
4200,0.1290437281,-0.0182411801,0.0778167993,0.1217471897,-0.0978740286,0.0339137502,25,20701,20065
4210,0.1211873367,-0.0228154995,0.0886873379,0.1138907983,-0.1024483480,0.0447842889,28,20716,20065
4220,0.1199689582,-0.0214170571,0.0576778166,0.1126724198,-0.1010499056,0.0137747675,28,20716,20065
4230,0.1003759354,-0.0298326686,0.0775677040,0.0930793970,-0.1094655171,0.0336646549,28,20716,20065
4240,0.1057956591,-0.0259347185,0.0551234186,0.0984991207,-0.1055675671,0.0112203695,28,20716,20065
4250,0.0913759172,-0.0299452599,0.0758679733,0.0840793788,-0.1095781084,0.0319649242,24,20716,20065
4260,0.0856504366,-0.0303409193,0.0629733205,0.0783538981,-0.1099737678,0.0190702714,24,20716,20065
4270,0.0707308501,-0.0341244154,0.0872743279,0.0634343117,-0.1137572639,0.0433712788,24,20716,20065
4280,0.0631108880,-0.0351352133,0.0856574625,0.0558143496,-0.1147680618,0.0417544134,24,20716,20065
4290,0.0589330904,-0.0306892488,0.1012980118,0.0516365520,-0.1103220973,0.0573949628,24,20716,20065
4300,0.0452941619,-0.0378807075,0.1128210276,0.0379976234,-0.1175135560,0.0689179786,30,20716,20065
4310,0.0470266342,-0.0403005816,0.1186169311,0.0397300958,-0.1199334301,0.0747138821,30,20716,20065
4320,0.0489255823,-0.0386672616,0.1182748377,0.0416290439,-0.1183001101,0.0743717887,30,20716,20065
4330,0.0647467226,-0.0346127525,0.1037290022,0.0574501841,-0.1142456010,0.0598259531,30,20716,20065
4340,0.0887259543,-0.0319931284,0.0659508333,0.0814294158,-0.1116259769,0.0220477842,30,20716,20065
4350,0.0890629292,-0.0284727421,0.0652338192,0.0817663907,-0.1081055906,0.0213307701,30,20716,20065
4360,0.0558407418,-0.0338515490,0.1334564835,0.0485442034,-0.1134843975,0.0895534344,30,20716,20065
4370,0.0255619213,-0.0426232815,0.1193228662,0.0182653829,-0.1222561300,0.0754198171,30,20716,20065
4380,-0.0163195990,-0.0645203888,0.0569333807,-0.0236161374,-0.1441532373,0.0130303316,5,20716,20065
4390,-0.0210550707,-0.0683341175,0.0294094980,-0.0283516091,-0.1479669660,-0.0144935511,5,20716,20065
4400,-0.0314463004,-0.0759991929,-0.0018479954,-0.0387428389,-0.1556320414,-0.0457510445,5,20716,20065
4410,-0.0433436446,-0.0708499029,0.0117629897,-0.0506401830,-0.1504827514,-0.0321400594,5,20716,20065
4420,-0.0419836789,-0.0578034781,0.1531556696,-0.0492802174,-0.1374363266,0.1092526205,5,20716,20065
4430,0.0052883383,-0.0306354407,0.2166697979,-0.0020082002,-0.1102682892,0.1727667488,0,20716,20065
4440,0.0147327362,-0.0275686458,0.2186817229,0.0074361977,-0.1072014943,0.1747786738,0,20716,20065
4450,0.0137837753,-0.0269824397,0.2246940434,0.0064872368,-0.1066152882,0.1807909943,0,20716,20065
4460,0.0019080481,-0.0316033140,0.2403531522,-0.0053884904,-0.1112361625,0.1964501031,0,20716,20067
4470,-0.0017317266,-0.0257823579,0.2113611698,-0.0090282650,-0.1054152064,0.1674581207,0,20716,20067
4480,-0.0016140060,-0.0303618386,0.2137667686,-0.0089105444,-0.1099946871,0.1698637195,0,20716,20067
4490,-0.0071473261,-0.0410645381,0.2169122845,-0.0144438646,-0.1206973866,0.1730092354,0,20716,20067
4500,0.0076950006,-0.0414902419,0.2149215341,0.0003984622,-0.1211230904,0.1710184850,0,20716,20067
4510,0.0038414751,-0.0476402715,0.2135788649,-0.0034550633,-0.1272731200,0.1696758159,0,20716,20067
4520,0.0078194179,-0.0485012382,0.1637252420,0.0005228794,-0.1281340867,0.1198221929,0,20716,20067
4530,0.0200260133,-0.0620016195,0.1264486611,0.0127294748,-0.1416344680,0.0825456120,0,20716,20067
4540,0.0244951844,-0.0610447265,0.1378594637,0.0171986460,-0.1406775750,0.0939564146,0,20716,20067
4550,0.0340617523,-0.0652511120,0.0963032767,0.0267652138,-0.1448839605,0.0524002276,0,20716,20067
4560,0.0304751284,-0.0704619512,0.0478232205,0.0231785900,-0.1500947997,0.0039201714,0,20716,20067
4570,0.0286296941,-0.0800574869,0.0283763558,0.0213331557,-0.1596903354,-0.0155266933,0,20716,20067
4580,0.0262243617,-0.0809895545,-0.0458846316,0.0189278233,-0.1606224030,-0.0897876807,0,20716,20067
4590,0.0385266244,-0.0881240070,-0.0074486537,0.0312300860,-0.1677568555,-0.0513517028,0,20716,20067
4600,0.0429433845,-0.0937537625,-0.0169611853,0.0356468461,-0.1733866110,-0.0608642343,0,20716,20067
4610,0.0518820584,-0.0982220545,0.0152577618,0.0445855199,-0.1778549030,-0.0286452873,0,20716,20067
4620,0.0416725762,-0.0892296955,-0.0040188092,0.0343760378,-0.1688625440,-0.0479218583,0,20716,20067
4630,0.0549814105,-0.1033728793,0.0148115158,0.0476848721,-0.1830057278,-0.0290915333,0,20716,20067
4640,0.0572228208,-0.1103654727,-0.0005852827,0.0499262824,-0.1899983212,-0.0444883318,0,20716,20067
4650,0.0569169894,-0.1087827012,0.0017436140,0.0496204509,-0.1884155497,-0.0421594351,0,20716,20067
4660,0.0572435148,-0.1122046113,-0.0071173152,0.0499469764,-0.1918374598,-0.0510203643,0,20716,20067
4670,0.0596213304,-0.1158372313,-0.0074302126,0.0523247919,-0.1954700798,-0.0513332617,0,20716,20067
4680,0.0624161512,-0.1192844734,-0.0039666910,0.0551196127,-0.1989173219,-0.0478697401,0,20716,20067
4690,0.0636087656,-0.1224566773,-0.0081568537,0.0563122272,-0.2020895258,-0.0520599028,0,20716,20067
4700,0.0645477101,-0.1250648201,-0.0121054864,0.0572511717,-0.2046976686,-0.0560085354,0,20716,20067
4710,0.0681839138,-0.1296559870,0.0025438825,0.0608873754,-0.2092888355,-0.0413591666,0,20729,20067
4720,0.0695197359,-0.1313880831,0.0025647816,0.0622231974,-0.2110209316,-0.0413382675,0,20729,20067
4730,0.0694121942,-0.1316910833,-0.0013866271,0.0621156557,-0.2113239318,-0.0452896762,0,20729,20067
4740,0.0702375993,-0.1330010295,-0.0007618945,0.0629410609,-0.2126338780,-0.0446649436,0,20729,20067
4750,0.0688862503,-0.1324165314,-0.0106101017,0.0615897118,-0.2120493799,-0.0545131508,0,20729,20067
4760,0.0701713637,-0.1370322704,0.0146007733,0.0628748252,-0.2166651189,-0.0293022757,0,20729,20067
4770,0.0702828690,-0.1376444995,0.0147615932,0.0629863306,-0.2172773480,-0.0291414559,0,20729,20067
4780,0.0669065714,-0.1344356984,-0.0143162878,0.0596100329,-0.2140685469,-0.0582193369,0,20729,20067
4790,0.0642002374,-0.1312460601,-0.0584809221,0.0569036989,-0.2108789086,-0.1023839712,0,20729,20067
4800,0.0616013519,-0.1322315633,-0.0704893097,0.0543048135,-0.2118644118,-0.1143923588,0,20729,20067
4810,0.0604344979,-0.1307326853,-0.1060028821,0.0531379594,-0.2103655338,-0.1499059312,0,20729,20067
4820,0.0559199862,-0.1329414994,-0.1035176814,0.0486234478,-0.2125743479,-0.1474207304,2,20729,20067
4830,0.0580604337,-0.1311875582,-0.1644910872,0.0507638953,-0.2108204067,-0.2083941363,2,20729,20067
4840,0.0525749661,-0.1364208162,-0.1512468010,0.0452784277,-0.2160536647,-0.1951498501,2,20729,20067
4850,0.0410167500,-0.1406138092,-0.0993118510,0.0337202116,-0.2202466577,-0.1432149000,2,20729,20067
4860,0.0323783457,-0.1435453147,-0.0786872879,0.0250818073,-0.2231781632,-0.1225903369,3,20729,20067
4870,0.0233490150,-0.1473537832,-0.0420216545,0.0160524766,-0.2269866318,-0.0859247036,3,20729,20067
4880,0.0240155496,-0.1569140106,-0.0389726609,0.0167190111,-0.2365468591,-0.0828757100,3,20729,20067
4890,0.0248460043,-0.1620366722,-0.0509681813,0.0175494659,-0.2416695207,-0.0948712304,3,20729,20067
4900,0.0103937518,-0.1573431939,-0.0451285802,0.0030972133,-0.2369760424,-0.0890316293,10,20729,20067
4910,-0.0065140617,-0.1619895101,0.0480766818,-0.0138106002,-0.2416223586,0.0041736327,10,20729,20067
4920,-0.0155220628,-0.1625995487,0.0598833822,-0.0228186012,-0.2422323972,0.0159803331,10,20729,20067
4930,-0.0357618891,-0.1583794951,0.1237197295,-0.0430584275,-0.2380123436,0.0798166804,10,20729,20067
4940,-0.0445901640,-0.1595271528,0.1394931674,-0.0518867024,-0.2391600013,0.0955901183,10,20729,20067
4950,-0.0421944894,-0.1611491144,0.1128611937,-0.0494910278,-0.2407819629,0.0689581446,17,20729,20067
4960,-0.0564482659,-0.1599373966,0.1498960555,-0.0637448044,-0.2395702451,0.1059930064,17,20729,20077
4970,-0.0649237186,-0.1603480577,0.1525337994,-0.0722202570,-0.2399809062,0.1086307503,17,20729,20077
4980,-0.0740196109,-0.1555687338,0.1653015912,-0.0813161493,-0.2352015823,0.1213985421,17,20729,20077
4990,-0.0610302053,-0.1511747986,0.1418432593,-0.0683267438,-0.2308076471,0.0979402103,28,20729,20077
5000,-0.0673098341,-0.1418513358,0.1499435306,-0.0746063725,-0.2214841843,0.1060404815,28,20729,20077
5010,-0.0865220651,-0.1274850219,0.1681785136,-0.0938186035,-0.2071178705,0.1242754646,28,20729,20077
5020,-0.0878863484,-0.1287626773,0.1754383296,-0.0951828868,-0.2083955258,0.1315352805,28,20729,20077
5030,-0.1022957265,-0.1207315177,0.1869193316,-0.1095922650,-0.2003643662,0.1430162825,28,20729,20077
5040,-0.0749693140,-0.1212891638,0.1579770446,-0.0822658525,-0.2009220123,0.1140739955,28,20729,20077
5050,-0.0900476798,-0.1112658530,0.1676754802,-0.0973442183,-0.1908987015,0.1237724312,28,20729,20077
5060,-0.0878509209,-0.1084036380,0.1828555018,-0.0951474593,-0.1880364865,0.1389524527,28,20729,20077
5070,-0.0748766437,-0.1092678085,0.1754216403,-0.0821731822,-0.1889006570,0.1315185912,28,20729,20077
5080,-0.0363570563,-0.1208566651,0.1301867217,-0.0436535948,-0.2004895136,0.0862836726,22,20729,20077
5090,-0.0240887217,-0.1257449239,0.1225455403,-0.0313852602,-0.2053777725,0.0786424913,22,20729,20077
5100,-0.0054893498,-0.1302432269,0.1009004712,-0.0127858883,-0.2098760754,0.0569974221,22,20729,20077
5110,-0.0385243446,-0.1200134158,0.1599988043,-0.0458208830,-0.1996462643,0.1160957552,22,20729,20077
5120,-0.0193780847,-0.1273771077,0.1286510378,-0.0266746231,-0.2070099562,0.0847479887,5,20729,20077
5130,-0.0155734811,-0.1295458972,0.1248537973,-0.0228700195,-0.2091787457,0.0809507482,5,20729,20077
5140,-0.0124471784,-0.1196603850,0.1353175938,-0.0197437168,-0.1992932335,0.0914145447,5,20729,20077
5150,-0.0050907559,-0.1246908978,0.1220315471,-0.0123872943,-0.2043237463,0.0781284980,5,20729,20077
5160,0.0001447108,-0.1006461978,0.1236378178,-0.0071518277,-0.1802790463,0.0797347687,2,20729,20077
5170,0.0065200105,-0.1031694412,0.1159061566,-0.0007765279,-0.1828022897,0.0720031075,2,20729,20077
5180,0.0119025735,-0.1017699689,0.1650465876,0.0046060351,-0.1814028174,0.1211435385,2,20729,20077
5190,0.0177660957,-0.1007423475,0.1735647619,0.0104695573,-0.1803751960,0.1296617128,2,20729,20077
5200,0.0235705227,-0.1010703370,0.1817725599,0.0162739842,-0.1807031855,0.1378695108,2,20729,20077
5210,0.0254414305,-0.1084886193,0.1615819484,0.0181448921,-0.1881214678,0.1176788993,28,20740,20077
5220,0.0284304470,-0.1126134992,0.1664827168,0.0211339085,-0.1922463477,0.1225796677,28,20740,20077
5230,0.0300514251,-0.1188259944,0.1692323834,0.0227548867,-0.1984588429,0.1253293343,28,20740,20077
5240,0.0318291970,-0.1277231872,0.1708477437,0.0245326585,-0.2073560357,0.1269446947,28,20740,20077
5250,0.0235054623,-0.1434850395,0.1344443262,0.0162089239,-0.2231178880,0.0905412771,3,20740,20077
5260,0.0235432051,-0.1431372017,0.1371245086,0.0162466667,-0.2227700502,0.0932214595,3,20740,20077
5270,0.0239574760,-0.1390833706,0.1426939219,0.0166609376,-0.2187162191,0.0987908728,3,20740,20077
5280,0.0242619850,-0.1368863285,0.1461355537,0.0169654465,-0.2165191770,0.1022325046,3,20740,20077
5290,0.0246557985,-0.1359604448,0.1487911046,0.0173592600,-0.2155932933,0.1048880555,2,20740,20077
5300,0.0145152034,-0.1378221065,0.1089612991,0.0072186650,-0.2174549550,0.0650582500,2,20740,20077
5310,0.0150289312,-0.1394027621,0.1081819758,0.0077323928,-0.2190356106,0.0642789267,2,20740,20077
5320,0.0155957276,-0.1413853019,0.1066397876,0.0082991892,-0.2210181504,0.0627367385,2,20740,20077
5330,0.0162725002,-0.1421618015,0.1048028320,0.0089759617,-0.2217946500,0.0608997829,2,20740,20077
5340,0.0086971028,-0.1402950138,0.0734105930,0.0014005643,-0.2199278623,0.0295075439,3,20740,20077
5350,0.0088121695,-0.1395781189,0.0718270838,0.0015156311,-0.2192109674,0.0279240347,3,20740,20077
5360,0.0088670067,-0.1393132508,0.0699621961,0.0015704683,-0.2189460993,0.0260591470,3,20740,20077
5370,0.0092378492,-0.1386824548,0.0666783750,0.0019413107,-0.2183153033,0.0227753259,3,20740,20077
5380,0.0097203990,-0.1383346617,0.0644160360,0.0024238606,-0.2179675102,0.0205129869,6,20740,20077
5390,0.0047798017,-0.1380114108,0.0413790718,-0.0025167367,-0.2176442593,-0.0025239773,6,20740,20077
5400,0.0051234346,-0.1381753981,0.0385939255,-0.0021731039,-0.2178082466,-0.0053091235,6,20740,20077
5410,0.0055105984,-0.1385849267,0.0365462787,-0.0017859400,-0.2182177752,-0.0073567703,6,20740,20077
5420,0.0057452135,-0.1390113682,0.0346023515,-0.0015513250,-0.2186442167,-0.0093006976,6,20740,20077
5430,0.0047483705,-0.1396950930,0.0283187982,-0.0025481679,-0.2193279415,-0.0155842509,22,20740,20077
5440,0.0043136305,-0.1403319836,0.0245926958,-0.0029829079,-0.2199648321,-0.0193103533,22,20740,20077
5450,0.0035741220,-0.1411732733,0.0202022512,-0.0037224165,-0.2208061218,-0.0237007979,22,20740,20077
5460,0.0029451989,-0.1416251808,0.0156618599,-0.0043513395,-0.2212580293,-0.0282411892,22,20740,20081
5470,0.0027011186,-0.1415732652,0.0120045682,-0.0045954199,-0.2212061137,-0.0318984808,22,20740,20081
5480,0.0018618457,-0.1419181824,0.0061532455,-0.0054346927,-0.2215510309,-0.0377498036,3,20740,20081
5490,0.0015098843,-0.1423694342,0.0024049475,-0.0057866542,-0.2220022827,-0.0414981015,3,20740,20081
5500,0.0011937175,-0.1428466439,-0.0013953976,-0.0061028210,-0.2224794924,-0.0452984467,3,20740,20081
5510,0.0007961009,-0.1434913278,-0.0053083189,-0.0065004376,-0.2231241763,-0.0492113680,3,20740,20081
5520,0.0018323401,-0.1443314701,-0.0017427709,-0.0054641983,-0.2239643186,-0.0456458200,11,20740,20081
5530,0.0012419745,-0.1451875269,-0.0057506422,-0.0060545639,-0.2248203754,-0.0496536912,11,20740,20081
5540,0.0008366991,-0.1455005854,-0.0090598231,-0.0064598394,-0.2251334339,-0.0529628722,11,20740,20081
5550,0.0003884899,-0.1461440325,-0.0128047643,-0.0069080485,-0.2257768810,-0.0567078134,11,20740,20081
5560,0.0000688298,-0.1467210501,-0.0164527763,-0.0072277086,-0.2263538986,-0.0603558253,11,20740,20081
5570,0.0018042366,-0.1476436555,-0.0078976052,-0.0054923019,-0.2272765040,-0.0518006543,10,20740,20081
5580,0.0016507738,-0.1483590901,-0.0104991486,-0.0056457646,-0.2279919386,-0.0544021977,10,20740,20081
5590,0.0018243826,-0.1493647844,-0.0183530003,-0.0054721559,-0.2289976329,-0.0622560494,10,20740,20081
5600,0.0031406712,-0.1516143233,-0.0108828396,-0.0041558673,-0.2312471718,-0.0547858886,10,20740,20081
5610,0.0038778144,-0.1535679102,-0.0073445658,-0.0034187241,-0.2332007587,-0.0512476149,1,20740,20081
5620,0.0051065711,-0.1519055963,-0.0116575491,-0.0021899673,-0.2315384448,-0.0555605981,1,20740,20081
5630,0.0095490534,-0.1570944488,0.0203516539,0.0022525149,-0.2367272973,-0.0235513952,1,20740,20081
5640,0.0103706475,-0.1594808400,0.0244310033,0.0030741091,-0.2391136885,-0.0194720458,1,20740,20081
5650,0.0114187300,-0.1590076238,0.0252978336,0.0041221916,-0.2386404723,-0.0186052155,1,20740,20081
5660,0.0115420148,-0.1616429985,0.0210778024,0.0042454763,-0.2412758470,-0.0228252467,0,20740,20081
5670,0.0111120576,-0.1670209020,0.0304352399,0.0038155192,-0.2466537505,-0.0134678092,0,20740,20081
5680,0.0076392787,-0.1673749685,0.0175043140,0.0003427402,-0.2470078170,-0.0263987351,0,20740,20081
5690,0.0053049861,-0.1688822955,0.0093058990,-0.0019915523,-0.2485151440,-0.0345971501,0,20740,20081
5700,0.0073191277,-0.1708703041,0.0350489840,0.0000225892,-0.2505031526,-0.0088540651,0,20740,20081
5710,0.0056990488,-0.1690860838,0.0264227577,-0.0015974897,-0.2487189323,-0.0174802914,0,20757,20081
5720,0.0047537014,-0.1687082797,0.0292949453,-0.0025428371,-0.2483411282,-0.0146081038,0,20757,20081
5730,0.0045540794,-0.1676060110,0.0292640906,-0.0027424591,-0.2472388595,-0.0146389585,0,20757,20081
5740,0.0040352927,-0.1687360108,0.0320422165,-0.0032612458,-0.2483688593,-0.0118608326,0,20757,20081
5750,0.0034210130,-0.1636581421,0.0203783680,-0.0038755254,-0.2432909906,-0.0235246811,0,20757,20081
5760,0.0029485535,-0.1634944379,0.0211217422,-0.0043479849,-0.2431272864,-0.0227813069,0,20757,20081
5770,0.0023507639,-0.1637808383,0.0207518302,-0.0049457746,-0.2434136868,-0.0231512189,0,20757,20081
5780,0.0017439902,-0.1620260626,0.0176459681,-0.0055525482,-0.2416589111,-0.0262570810,0,20757,20081
5790,0.0017694852,-0.1618215889,0.0206753593,-0.0055270533,-0.2414544374,-0.0232276898,0,20757,20081
5800,0.0000941550,-0.1611876190,0.0118077220,-0.0072023835,-0.2408204675,-0.0320953270,0,20757,20081
5810,-0.0037112876,-0.1619377732,-0.0058632679,-0.0110078261,-0.2415706217,-0.0497663170,0,20757,20081
5820,-0.0013624141,-0.1655659676,0.0640374273,-0.0086589525,-0.2451988161,0.0201343782,0,20757,20081
5830,-0.0019341211,-0.1647086293,0.0689018071,-0.0092306596,-0.2443414778,0.0249987580,0,20757,20081
5840,-0.0016313478,-0.1634115726,0.0715871528,-0.0089278863,-0.2430444211,0.0276841037,0,20757,20081
5850,-0.0002861720,-0.1617864817,0.0500851348,-0.0075827105,-0.2414193302,0.0061820857,12,20757,20081
5860,0.0013203348,-0.1616183072,0.0453484394,-0.0059762036,-0.2412511557,0.0014453903,12,20757,20081
5870,0.0024151071,-0.1609650254,0.0601939037,-0.0048814313,-0.2405978739,0.0162908547,12,20757,20081
5880,0.0014574782,-0.1609176248,0.0652875975,-0.0058390603,-0.2405504733,0.0213845484,12,20757,20081
5890,0.0011192842,-0.1603436768,0.0689543933,-0.0061772543,-0.2399765253,0.0250513442,12,20757,20081
5900,0.0000395629,-0.1601772457,0.0509443730,-0.0072569756,-0.2398100942,0.0070413239,12,20757,20081
5910,0.0005350662,-0.1603617221,0.0548745915,-0.0067614723,-0.2399945706,0.0109715424,12,20757,20081
5920,0.0009121341,-0.1606194675,0.0568382815,-0.0063844043,-0.2402523160,0.0129352324,12,20757,20081
5930,0.0012864792,-0.1609113514,0.0582111254,-0.0060100593,-0.2405441999,0.0143080764,65535,20757,20081
5940,0.0016534401,-0.1613237560,0.0592503212,-0.0056430984,-0.2409566045,0.0153472722,65535,20757,20081
