Time,X,Y,Z
0,1.1646434069,1.7026225328,0.0117524546
10,1.1646399498,1.7026299238,0.0117360428
20,-0.0000035027,-0.0000068473,-0.0000007314
30,-0.0000200108,-0.0000277856,0.1711342782
40,-0.0000404952,-0.0000605210,0.1711288393
50,0.0000148629,0.0000373786,0.0110002123
60,0.0000071502,0.0000208281,0.0109909335
70,0.0000066773,0.0000197382,0.0109807979
80,0.0000141015,0.0000407400,0.0109703429
90,0.0000024307,0.0000148285,0.0130293015
100,0.0000082032,0.0000322642,0.0130353030
110,-0.0000020671,0.0000107146,0.0130407559
120,-0.0000014229,0.0000094981,0.0130443936
130,-0.0000001481,0.0000197852,0.0134184891
140,-0.0000012179,0.0000159596,0.0134289172
150,-0.0000085892,-0.0000008270,0.0134376595
160,-0.0000116180,-0.0000026007,0.0134450188
170,-0.0000116262,-0.0000089986,0.0134515837
180,-0.0000106307,-0.0000028910,0.0136670368
190,-0.0000114342,-0.0000068355,0.0136817247
200,-0.0000145889,-0.0000199734,0.0136953434
210,-0.0000175955,-0.0000237876,0.0137088010
220,-0.0000195985,-0.0000217735,0.0126310559
230,-0.0000224423,-0.0000258521,0.0125734247
240,-0.0000251143,-0.0000303398,0.0125130797
250,-0.0000267542,-0.0000329753,0.0124502983
260,-0.0000280672,-0.0000346682,0.0123856850
270,-0.0000300829,-0.0000361456,0.0125794997
280,-0.0000323270,-0.0000411708,0.0125203794
290,-0.0000348080,-0.0000436233,0.0124641163
300,-0.0000374987,-0.0000469182,0.0124048209
310,-0.0000444538,-0.0000549216,0.0125959627
320,-0.0000437257,-0.0000487978,0.0125490567
330,-0.0000458653,-0.0000527612,0.0125010302
340,-0.0000463794,-0.0000558469,0.0124503840
350,-0.0000500308,-0.0000649013,0.0118042110
360,-0.0000522186,-0.0000687606,0.0117133353
370,-0.0000592932,-0.0000779378,0.0116215190
380,-0.0000544572,-0.0000746181,0.0115289548
390,-0.0000591653,-0.0000834382,0.0114356866
400,-0.0000600995,-0.0000884781,0.0107285930
410,-0.0000638278,-0.0000985777,0.0105994502
420,-0.0000624699,-0.0000942963,0.0104685752
430,-0.0000661322,-0.0001043453,0.0103362389
440,-0.0000615587,-0.0000853907,0.0113704624
450,-0.0000614115,-0.0000876640,0.0113025066
460,-0.0000661779,-0.0000981859,0.0112261651
471,1.3980677128,-0.3041723967,0.0111556714
481,1.2828594446,-1.1362006664,0.0110879494
490,1.2405858040,-1.6577129364,0.0122651896
500,1.2281632423,-1.8140132427,0.0122598698
510,1.2231445312,-1.8753405809,0.0122521957
520,1.2231340408,-1.8753594160,0.0122323781
530,1.2093755007,-1.5485461950,0.0117500471
540,1.2064174414,-1.6594184637,0.0117151290
550,1.2111442089,-1.6335304976,0.0116384765
560,1.2161325216,-1.7613235712,0.0116398279
572,1.2205628157,-1.7158352137,0.0117157986
580,1.2078032494,1.2415944338,0.0117541198
590,1.2121843100,1.3281528950,0.0117347380
600,1.2167510986,1.6914628744,0.0117280548
610,1.2105702162,1.7152277231,0.0117105721
620,1.2028126717,1.6969566345,0.0122307725
630,1.1994125843,1.7136949301,0.0122425193
640,1.1973381042,1.7181917429,0.0122444639
650,1.1937826872,1.7156013250,0.0122381486
660,1.1963711977,1.7059981823,0.0122277513
671,1.1962888241,1.7061131001,0.0116976527
680,1.1944056749,1.7060087919,0.0116608366
690,1.1974003315,1.7090561390,0.0116319330
700,1.1973992586,1.7090535164,0.0115917232
710,1.1974555254,1.7089407444,0.0121390251
720,1.1931763887,1.7071720362,0.0121369585
730,1.1948965788,1.7100113630,0.0121160094
740,1.1948925257,1.7100101709,0.0120998174
750,1.1949570179,1.7082667351,0.0116283512
760,1.1935358047,1.7084567547,0.0115882149
770,1.1920841932,1.7086527348,0.0115484158
780,1.1910897493,1.7087845802,0.0115067381
790,1.1914389133,1.7088838816,0.0112714740
800,1.1876169443,1.6993929148,0.0112150582
810,1.1876140833,1.6993926764,0.0111525459
820,1.1841472387,1.6916027069,0.0110894339
830,1.1863520145,1.6921063662,0.0110219410
840,1.1868166924,1.6921864748,0.0105234357
850,1.1855889559,1.6898398399,0.0104216449
860,1.1867876053,1.6906967163,0.0103225904
870,1.1859518290,1.6999897957,0.0102468198
880,1.1862272024,1.6992849112,0.0117390174
890,1.1862262487,1.6992845535,0.0117262211
900,1.1858203411,1.6977207661,0.0117054367
910,1.1858206987,1.6977207661,0.0116870850
920,1.1858208179,1.6977212429,0.0116661657
930,1.1858949661,1.6976169348,0.0134428479
940,1.1858128309,1.6981121302,0.0135108503
950,1.1859976053,1.6952813864,0.0135770896
961,1.1866118908,1.6948808432,0.0136395283
970,1.1849970818,1.6960504055,0.0134557988
980,1.1853264570,1.6961596012,0.0135139367
990,1.1842517853,1.6961820126,0.0135690942
1000,1.1816321611,1.6964985132,0.0136284297
1010,1.1816239357,1.6964887381,0.0136754010
1020,1.1816761494,1.6965012550,0.0138591928
1030,1.1818239689,1.6971812248,0.0139199318
1040,1.1814454794,1.6983646154,0.0139655434
1050,1.1829781532,1.6944217682,0.0139877703
1060,1.1829510927,1.6944265366,0.0136253694
1070,1.1829659939,1.6944559813,0.0136461165
1080,1.1829638481,1.6944566965,0.0136666624
1090,1.1819306612,1.6954079866,0.0136837000
1100,1.1819958687,1.6922904253,0.0134159019
1110,1.1819882393,1.6922793388,0.0134171965
1120,1.1820740700,1.6891082525,0.0134170661
1130,1.1817703247,1.6892071962,0.0134182153
1140,1.1818046570,1.6897498369,0.0134149371
1150,1.1818429232,1.6896580458,0.0132392505
1161,1.1830421686,1.6885952950,0.0132381180
1170,1.1839011908,1.6890974045,0.0132353771
1180,1.1824570894,1.6895984411,0.0132491412
1190,1.1823543310,1.6894432306,0.0127097499
1201,1.1823532581,1.6894425154,0.0126656946
1210,1.1819974184,1.6907573938,0.0126617057
1221,1.1834739447,1.6908609867,0.0125706634
1230,1.1825034618,1.6909426451,0.0125730932
1240,1.1832168102,1.6910815239,0.0131351659
1250,1.1836621761,1.6910549402,0.0131196314
1261,1.1836194992,1.6901210546,0.0131106460
1271,1.1836674213,1.6892590523,0.0130897276
1281,1.1836609840,1.6892213821,0.0134416111
1290,1.1836570501,1.6892169714,0.0134413028
1302,1.1838679314,1.6892404556,0.0134403519
1312,1.1839265823,1.6889553070,0.0134294117
1321,1.1851277351,1.6893266439,0.0134295989
1331,1.1856833696,1.6880803108,0.0128322393
1341,1.1873323917,1.6878287792,0.0127782878
1351,1.1869516373,1.6879733801,0.0127417129
1362,1.1869460344,1.6879625320,0.0126524633
1371,1.1869598627,1.6879788637,0.0136239026
1382,1.1869564056,1.6879738569,0.0136344787
1391,1.1854557991,1.6868795156,0.0136680547
1401,1.1850025654,1.6881833076,0.0136895794
1411,1.1849972010,1.6881700754,0.0138182985
1421,1.1853905916,1.6888058186,0.0138332704
1430,1.1847995520,1.6890330315,0.0138535658
1441,1.1844855547,1.6891362667,0.0138755431
1453,1.1839888096,1.6885290146,0.0123914424
1462,1.1840721369,1.6884915829,0.0123132858
1470,1.1849461794,1.6893187761,0.0122453114
1481,1.1847208738,1.6888229847,0.0121698538
1490,1.1847127676,1.6888121367,0.0120929480
1500,1.1848206520,1.6890224218,0.0124240508
1510,1.1844367981,1.6881158352,0.0123729873
1522,1.1839350462,1.6870832443,0.0123262526
1530,1.1833467484,1.6871987581,0.0122732185
1540,1.1826024055,1.6864311695,0.0122331977
1552,1.1825436354,1.6871395111,0.0129141621
1560,1.1828067303,1.6870977879,0.0128901666
1571,1.1826137304,1.6872092485,0.0128693124
1580,1.1811721325,1.6875503063,0.0128542529
1591,1.1814681292,1.6873650551,0.0129009979
1601,1.1815599203,1.6873257160,0.0128779579
1610,1.1822161674,1.6875085831,0.0128626758
1620,1.1825577021,1.6876305342,0.0128433593
1630,1.1813938618,1.6873296499,0.0128291911
1640,1.1808215380,1.6874146461,0.0124648381
1650,1.1815969944,1.6874773502,0.0124228494
1660,1.1808315516,1.6888630390,0.0123859737
1670,1.1808404922,1.6888412237,0.0123392753
1680,1.1808079481,1.6888388395,0.0113276662
1690,1.1804450750,1.6889805794,0.0112272259
1700,1.1805199385,1.6890388727,0.0111199375
1710,1.1806584597,1.6894510984,0.0110126892
1720,1.1808394194,1.6905487776,0.0109471250
1730,1.1796467304,1.6904193163,0.0108381147
1740,1.1790438890,1.6922723055,0.0107328687
1750,1.1781965494,1.6925446987,0.0106237875
1760,1.1779572964,1.6926362514,0.0105057033
1770,1.1780073643,1.6926213503,0.0118527738
1780,1.1777069569,1.6926530600,0.0118083796
1790,1.1780086756,1.6920019388,0.0117587084
1800,1.1780073643,1.6919972897,0.0117134629
1810,1.1772549152,1.6917068958,0.0118263215
1820,1.1779878139,1.6917777061,0.0117910374
1830,1.1780259609,1.6919839382,0.0117616430
1840,1.1779261827,1.6920206547,0.0117250104
1850,1.1779853106,1.6908529997,0.0116843227
1860,1.1779959202,1.6909857988,0.0126231145
1870,1.1777331829,1.6913977861,0.0126394955
1880,1.1777327061,1.6913949251,0.0126496144
1890,1.1772738695,1.6920794249,0.0126649057
1900,1.1773936749,1.6920220852,0.0136423549
1910,1.1777421236,1.6915583611,0.0137078054
1920,1.1777851582,1.6914827824,0.0137630897
1930,1.1778563261,1.6901030540,0.0138209201
1940,1.1771148443,1.6884175539,0.0139015317
1950,1.1771150827,1.6884171963,0.0139987553
1960,1.1770161390,1.6890821457,0.0140657555
1970,1.1769430637,1.6891891956,0.0141243301
1980,1.1764851809,1.6881437302,0.0141890235
1990,1.1763356924,1.6882408857,0.0137552796
2000,1.1763342619,1.6882419586,0.0137805352
2010,1.1758074760,1.6898791790,0.0138103757
2020,1.1756676435,1.6899312735,0.0138331261
2030,1.1756422520,1.6906890869,0.0138506964
2040,1.1755721569,1.6909024715,0.0135011571
2050,1.1755043268,1.6905792952,0.0134758130
2060,1.1752151251,1.6906613111,0.0134678492
2070,1.1753087044,1.6906501055,0.0134548591
2080,1.1762259007,1.6907340288,0.0132436659
2090,1.1763176918,1.6906933784,0.0132162757
2100,1.1761654615,1.6907507181,0.0131917270
2110,1.1761645079,1.6907460690,0.0131627573
2120,1.1761673689,1.6907387972,0.0134699252
2130,1.1761696339,1.6912109852,0.0134673053
2140,1.1767115593,1.6925705671,0.0134631144
2150,1.1763027906,1.6920876503,0.0134644238
2160,1.1759729385,1.6927354336,0.0134636257
2170,1.1760171652,1.6916297674,0.0133688012
2180,1.1763873100,1.6924040318,0.0156359784
2190,1.1766220331,1.6942086220,0.0143565806
2200,1.1786956787,1.6949167252,0.0094771395
2210,1.1811970472,1.6961230040,0.0032579056
2220,1.1823693514,1.6959242821,0.0107736057
2230,1.1817845106,1.6938643456,0.0185874552
2240,1.1823623180,1.6926090717,0.0174176451
2250,1.1801483631,1.6906602383,0.0148170125
2260,1.1786446571,1.6911282539,0.0149171082
2271,1.1798899174,1.6933490038,0.0231481101
2280,1.1803076267,1.6934741735,0.0245222002
2290,1.1783605814,1.6901112795,0.0409989096
2300,1.1780641079,1.6906126738,0.0396656059
2310,1.1773170233,1.6905715466,0.0437024646
2320,1.1768633127,1.6901614666,0.0464854017
2330,1.1770185232,1.6897945404,0.0483128689
2340,1.1770743132,1.6896637678,0.0376518145
2350,1.1768690348,1.6905689240,0.0386507176
2360,1.1767200232,1.6902164221,0.0396059826
2370,1.1765704155,1.6899001598,0.0405596197
2380,1.1770244837,1.6899175644,0.0416216329
2390,1.1773464680,1.6901381016,0.0315447077
2400,1.1769073009,1.6894896030,0.0320076160
2410,1.1768994331,1.6893552542,0.0325138345
2420,1.1766452789,1.6897255182,0.0330360867
2430,1.1757538319,1.6912819147,0.0256974027
2440,1.1754642725,1.6915876865,0.0259704888
2450,1.1758499146,1.6917910576,0.0262193717
2460,1.1761460304,1.6917756796,0.0263908803
2471,1.1758915186,1.6918256283,0.0203648917
2480,1.1760249138,1.6918041706,0.0202888940
2490,1.1758223772,1.6918213367,0.0201490186
2500,1.1761374474,1.6903355122,0.0199891590
2510,1.1759383678,1.6902195215,0.0199349001
2520,1.1760385036,1.6906242371,0.0175044779
2530,1.1757452488,1.6905146837,0.0174427629
2540,1.1758865118,1.6900439262,0.0174698122
2550,1.1767431498,1.6913158894,0.0176098198
2560,1.1764831543,1.6915950775,0.0148553215
2570,1.1762967110,1.6912022829,0.0149351023
2580,1.1770290136,1.6906496286,0.0147671970
2590,1.1778358221,1.6891753674,0.0141263083
2600,1.1784479618,1.6888592243,0.0134831350
2610,1.1785809994,1.6889895201,0.0125269592
2620,1.1786531210,1.6892950535,0.0125336144
2630,1.1786835194,1.6897215843,0.0121686356
2640,1.1788766384,1.6898487806,0.0115411468
2650,1.1793793440,1.6903667450,0.0139492759
2660,1.1799306870,1.6906765699,0.0138809336
2670,1.1801764965,1.6911633015,0.0145204915
2680,1.1793217659,1.6902841330,0.0174398702
2690,1.1786618233,1.6904911995,0.0175926127
2700,1.1812270880,1.6887497902,0.0253288336
2710,1.1823846102,1.6884788275,0.0243887622
2720,1.1818487644,1.6878583431,0.0317301415
2730,1.1834590435,1.6866273880,0.0308076888
2740,1.1818395853,1.6869586706,0.0253796782
2750,1.1805218458,1.6878520250,0.0247828253
2760,1.1821104288,1.6888604164,0.0275568534
2770,1.1819301844,1.6901289225,0.0262144823
2780,1.1819928885,1.6902219057,0.0273917299
2790,1.1811921597,1.6900619268,0.0159725863
2800,1.1793333292,1.6892938614,0.0163138974
2810,1.1764689684,1.6819475889,0.0149197923
2820,1.1753889322,1.6823617220,0.0320096165
2830,1.1734305620,1.6833233833,0.0306736715
2840,1.1729650497,1.6840425730,0.0345231965
2850,1.1710946560,1.6845092773,0.0330364108
2860,1.1714640856,1.6849770546,0.0395551808
2870,1.1685670614,1.6859862804,0.0381918326
2880,1.1675612926,1.6873894930,0.0232208781
2890,1.1651530266,1.6883430481,0.0200878363
2900,1.1648110151,1.6879400015,0.0302242376
2910,1.1645207405,1.6898056269,0.0282942262
2920,1.1633114815,1.6909444332,0.0180751700
2930,1.1620391607,1.6909638643,0.0204163399
2940,1.1617823839,1.6888384819,0.0276849139
2950,1.1639863253,1.6857959032,0.0221759249
2960,1.1571048498,1.6859127283,0.0293481965
2970,1.1568639278,1.6861951351,0.0482660457
2980,1.1560026407,1.6850473881,0.0490675904
2990,1.1576772928,1.6844264269,0.0524224006
3000,1.1585649252,1.6846522093,0.0527422652
3010,1.1605174541,1.6859583855,0.0352784656
3020,1.1668845415,1.6857970953,0.0220473241
3030,1.1671347618,1.6863787174,0.0201414265
3040,1.1674667597,1.6874315739,0.0234891791
3050,1.1689478159,1.6877158880,0.0157483369
3060,1.1696788073,1.6887145042,0.0163275916
3070,1.1717077494,1.6884186268,0.0145361973
3080,1.1721725464,1.6917440891,0.0121412110
3090,1.1750086546,1.6922695637,0.0148860337
3100,1.1789628267,1.6920145750,0.0147514315
3110,1.1828470230,1.6932501793,0.0118920151
3120,1.1863960028,1.6931874752,0.0160405133
3130,1.1887617111,1.6941109896,0.0152743869
3140,1.1903147697,1.6946796179,0.0187766738
3150,1.1941500902,1.6956671476,0.0193447433
3160,1.1949448586,1.6986688375,0.0224014800
3170,1.1983029842,1.6980615854,0.0233175475
3180,1.1984467506,1.6979438066,0.0220974889
3190,1.2001515627,1.6986978054,0.0237497482
3200,1.2001563311,1.6980046034,0.0239635017
3210,1.1992684603,1.6983133554,0.0229996331
3220,1.1990249157,1.6982258558,0.0228014365
3230,1.2038420439,1.6988122463,0.0334433690
3240,1.2042808533,1.6982156038,0.0377223715
3250,1.2043417692,1.6980545521,0.0406869650
3260,1.2035994530,1.7003965378,0.0434752218
3270,1.2027497292,1.7012469769,0.0408779830
3280,1.2026253939,1.7012224197,0.0443941541
3290,1.2025414705,1.7014418840,0.0471409373
3300,1.2023108006,1.7012495995,0.0491545908
3310,1.2053835392,1.7014238834,0.0556003228
3320,1.2040382624,1.7085711956,0.0700301677
3330,1.2051391602,1.7092649937,0.0830493495
3340,1.2047637701,1.7087910175,0.0928973705
3350,1.2059639692,1.7098358870,0.0972044393
3360,1.2065676451,1.7070852518,0.0979089364
3370,1.2075655460,1.7045885324,0.0997087210
3380,1.2062617540,1.7126119137,0.1225393265
3390,1.2048051357,1.7149709463,0.1356060058
3400,1.2035331726,1.7160972357,0.1397424489
3410,1.2050961256,1.7135602236,0.1216978580
3420,1.2050144672,1.7126530409,0.1239566207
3430,1.2034286261,1.7118130922,0.1250337213
3440,1.2036031485,1.7115069628,0.1279008836
3450,1.2063767910,1.7098258734,0.1142764539
3460,1.2059811354,1.7079395056,0.1129769832
3470,1.2082501650,1.7053220272,0.1150363311
3480,1.2079819441,1.7054919004,0.1165900454
3490,1.2093374729,1.7046587467,0.1016952693
3500,1.2095777988,1.7039270401,0.1011190936
3510,1.2092747688,1.7042342424,0.1024315730
3520,1.2079050541,1.7001532316,0.1012094691
3530,1.2072468996,1.7005876303,0.1073331088
3540,1.2078503370,1.7031143904,0.0967041701
3550,1.2069264650,1.7025563717,0.0959390700
3560,1.2063070536,1.7014687061,0.0948830321
3570,1.2055219412,1.7034801245,0.0963107944
3580,1.2069060802,1.7027562857,0.0894296616
3590,1.2072600126,1.6999728680,0.0883911103
3600,1.2079055309,1.7013636827,0.0877865404
3610,1.2077882290,1.6990898848,0.0877712369
3620,1.2090615034,1.6967926025,0.0866436362
3630,1.2080197334,1.6935688257,0.0885967240
3640,1.2076580524,1.6932916641,0.0916875675
3650,1.2068079710,1.6930259466,0.0921083242
3660,1.2059518099,1.6924765110,0.0922068059
3670,1.2052950859,1.6918171644,0.0862510279
3680,1.2051633596,1.6906435490,0.0868632495
3690,1.2073121071,1.6884325743,0.0883426368
3700,1.2068449259,1.6884665489,0.0889278576
3710,1.2061040401,1.6877300739,0.0852739587
3720,1.2057085037,1.6867913008,0.0858273134
3730,1.2050608397,1.6860011816,0.0869896859
3740,1.2053301334,1.6851803064,0.0883468613
3750,1.2044839859,1.6867384911,0.0893670395
3760,1.2046344280,1.6866798401,0.0913454816
3770,1.2033951283,1.6867173910,0.0931726247
3780,1.2028001547,1.6871036291,0.0946384594
3790,1.2026665211,1.6857975721,0.0980207399
3800,1.2025961876,1.6857860088,0.0984928980
3810,1.2014757395,1.6861572266,0.1007788926
3820,1.2018638849,1.6860917807,0.1032918021
3830,1.2021949291,1.6845855713,0.1056789234
3840,1.2002280951,1.6844314337,0.1078572720
3850,1.2000080347,1.6841942072,0.1124910116
3860,1.1989010572,1.6842598915,0.1149443984
3870,1.2006877661,1.6838225126,0.1181530729
3880,1.2014605999,1.6833407879,0.1210197434
3890,1.2029963732,1.6834266186,0.1257546693
3900,1.2073185444,1.6833136082,0.1270431131
3910,1.2067089081,1.6872264147,0.1320687532
3920,1.2066011429,1.6874577999,0.1360318363
3930,1.2069725990,1.6872297525,0.1410437375
3940,1.2140982151,1.6835687160,0.1415119320
3951,1.2148998976,1.6844338179,0.1500391811
3960,1.2156094313,1.6846245527,0.1585330218
3970,1.2171751261,1.6843299866,0.1623984277
3980,1.2166079283,1.6838475466,0.1641811579
3990,1.2164011002,1.6837128401,0.1677563339
4000,1.2156738043,1.6848156452,0.1709125638
4010,1.2136695385,1.6839357615,0.1730980575
4020,1.2142854929,1.6844341755,0.1740456074
4030,1.2144567966,1.6849378347,0.1777207255
4040,1.2200126648,1.6858397722,0.1848472953
4050,1.2210069895,1.6857806444,0.1883656532
4060,1.2204444408,1.6868361235,0.1925121993
4070,1.2207787037,1.6858530045,0.1915778071
4080,1.2204107046,1.6847720146,0.1951490045
4090,1.2198375463,1.6850566864,0.1985086054
4100,1.2206101418,1.6849131584,0.2017717063
4110,1.2233719826,1.6835530996,0.2031644881
4120,1.2234870195,1.6833585501,0.2064007372
4130,1.2260580063,1.6830886602,0.2093771696
4140,1.2268990278,1.6833426952,0.2122660875
4150,1.2272412777,1.6822316647,0.2139703482
4160,1.2266620398,1.6832480431,0.2170446664
4170,1.2264654636,1.6836106777,0.2198871225
4180,1.2262960672,1.6851210594,0.2226172090
4190,1.2253924608,1.6855962276,0.2251778692
4200,1.2240442038,1.6852718592,0.2272002846
4210,1.2238541842,1.6868574619,0.2301226556
4220,1.2242144346,1.6842025518,0.2333447188
4230,1.2223402262,1.6862206459,0.2363727242
4241,1.2240824699,1.6873470545,0.2384342253
4250,1.2266227007,1.6866562366,0.2412792742
4260,1.2266227007,1.6866562366,0.2412792742
4270,1.2217788696,1.6859921217,0.2472589612
4281,1.2206199169,1.6860603094,0.2507185340
4290,1.2219047546,1.6854580641,0.2536461651
4300,1.2219891548,1.6844612360,0.2536377013
4310,1.2214516401,1.6827950478,0.2597941458
4321,1.2206581831,1.6835432053,0.2597055733
4330,1.2183109522,1.6826406717,0.2650734782
4340,1.2186704874,1.6828413010,0.2682974637
4350,1.2177108526,1.6846015453,0.2712672651
4360,1.2184559107,1.6847378016,0.2743777037
4370,1.2169424295,1.6831257343,0.2768085897
4380,1.2151817083,1.6822043657,0.2797421813
4390,1.2151522636,1.6828694344,0.2828118801
4400,1.2143425941,1.6824550629,0.2857567668
4410,1.2135308981,1.6823338270,0.2886738181
4420,1.2137458324,1.6829482317,0.2913219035
4430,1.2130291462,1.6821520329,0.2942023575
4440,1.2115317583,1.6822820902,0.2970144749
4450,1.2105897665,1.6822189093,0.2998798788
4460,1.2094517946,1.6822586060,0.3028088808
4470,1.2092319727,1.6836236715,0.3056019545
4481,1.2093795538,1.6825411320,0.3084661365
4491,1.2095675468,1.6800080538,0.3113154769
4500,1.2105478048,1.6792850494,0.3149754405
4512,1.2075730562,1.6811025143,0.3208008707
4520,1.2077246904,1.6810451746,0.3207943738
4531,1.2056634426,1.6826882362,0.3264540434
4540,1.2062846422,1.6826597452,0.3264495134
4550,1.2056403160,1.6827399731,0.3291217983
4561,1.2058262825,1.6819373369,0.3319721818
4570,1.2051488161,1.6818006039,0.3347759843
4580,1.2036230564,1.6810760498,0.3375239074
4590,1.2048732042,1.6799223423,0.3413314521
4600,1.2043865919,1.6797622442,0.3441537917
4610,1.2046346664,1.6805287600,0.3469823003
4620,1.2047358751,1.6805762053,0.3497743905
4631,1.2029949427,1.6782182455,0.3515305221
4640,1.2025974989,1.6779581308,0.3543052375
4651,1.2029137611,1.6776088476,0.3573558927
4660,1.2040878534,1.6787600517,0.3601755202
4670,1.2041337490,1.6811360121,0.3629484773
4680,1.2039611340,1.6815134287,0.3637457490
4690,1.2036842108,1.6824932098,0.3663525581
4700,1.2037502527,1.6805684566,0.3693510294
4712,1.2034215927,1.6805044413,0.3721403182
4720,1.2034766674,1.6803519726,0.3752900660
4730,1.2038178444,1.6815611124,0.3780328333
4740,1.2155969143,1.6763193607,0.3810987473
4750,1.2062964439,1.6729581356,0.3849122226
4761,1.2048156261,1.6731864214,0.3878577650
4770,1.2202093601,1.6732683182,0.3901158273
4781,1.2156348228,1.6732385159,0.3936502337
4790,1.2146313190,1.6829580069,0.3968890011
4800,1.2125406265,1.6750745773,0.4004231393
4810,1.2119749784,1.6750507355,0.4011317492
4820,1.2110222578,1.6638315916,0.4038577676
4830,1.2095739841,1.6645965576,0.4066635370
4840,1.2099930048,1.6633200645,0.4093612134
4851,1.2097791433,1.6621671915,0.4120466411
4860,1.2115128040,1.6636120081,0.4140555561
4870,1.2109096050,1.6653083563,0.4167744815
4881,1.2124782801,1.6667762995,0.4194251299
4890,1.2112344503,1.6680167913,0.4220475852
4901,1.2116212845,1.6689642668,0.4243394732
4910,1.2124387026,1.6694718599,0.4269668162
4920,1.2123227119,1.6689509153,0.4296118617
4931,1.2132511139,1.6682133675,0.4322126210
4940,1.2136062384,1.6672458649,0.4352682233
4951,1.2166885138,1.6666322947,0.4379773438
4960,1.2162703276,1.6649035215,0.4406515062
4971,1.2144657373,1.6639568806,0.4433332682
4980,1.2168388367,1.6635229588,0.4459633231
4990,1.2164913416,1.6635770798,0.4477776289
5000,1.2181278467,1.6641405821,0.4503918290
5010,1.2148030996,1.6647887230,0.4532589614
5020,1.2150180340,1.6651126146,0.4558191895
5031,1.2129935026,1.6657886505,0.4577410519
5040,1.2143794298,1.6662718058,0.4604914784
5051,1.2171534300,1.6670652628,0.4629950225
5060,1.2168743610,1.6661945581,0.4655198157
5072,1.2166196108,1.6656870842,0.4692588747
5082,1.2157040834,1.6645962000,0.4718619585
5090,1.2156963348,1.6648832560,0.4745600522
5101,1.2171342373,1.6663959026,0.4772792459
5110,1.2202618122,1.6659446955,0.4799903631
5122,1.2231482267,1.6660976410,0.4827212691
5131,1.2232209444,1.6659606695,0.4854576886
5140,1.2234313488,1.6662002802,0.4881818295
5150,1.2142213583,1.6690551043,0.4911137819
5160,1.2137520313,1.6704392433,0.4930845201
5170,1.2131549120,1.6706284285,0.4957444966
5180,1.2152727842,1.6693559885,0.4984797537
5190,1.2148718834,1.6707835197,0.5011265874
5200,1.2144527435,1.6709872484,0.5037322640
5210,1.2161828279,1.6712577343,0.5060083270
5220,1.2159049511,1.6714724302,0.5085526705
5231,1.2159539461,1.6703604460,0.5110877752
5240,1.2170611620,1.6684232950,0.5135468841
5251,1.2155858278,1.6676236391,0.5170292258
5260,1.2162734270,1.6656237841,0.5195963383
5271,1.2180536985,1.6644650698,0.5221505165
5281,1.2183982134,1.6644202471,0.5247751474
5291,1.2156016827,1.6629979610,0.5284482837
5301,1.2148530483,1.6635922194,0.5311215520
5310,1.2168384790,1.6632149220,0.5338206291
5320,1.2163190842,1.6636315584,0.5365478396
5332,1.2186119556,1.6638262272,0.5392623544
5341,1.2187287807,1.6640071869,0.5417146087
5350,1.2190157175,1.6635724306,0.5443588495
5360,1.2194131613,1.6620122194,0.5472431183
5370,1.2192498446,1.6603975296,0.5498628616
5381,1.2192989588,1.6603471041,0.5533373952
5390,1.2213797569,1.6653716564,0.5559979081
5400,1.2208670378,1.6608881950,0.5586677790
5411,1.2187315226,1.6606441736,0.5613108873
5421,1.2178071737,1.6617119312,0.5641950965
5431,1.2146648169,1.6618999243,0.5666792989
5440,1.2142729759,1.6620116234,0.5692253113
5452,1.2362351418,1.6638745070,0.5721028447
5460,1.2370347977,1.6623369455,0.5745880604
5472,1.2362170219,1.6620429754,0.5777150989
5480,1.2370301485,1.6623980999,0.5803118348
5490,1.2333967686,1.6613143682,0.5830275416
5500,1.2328586578,1.6639920473,0.5856653452
5510,1.2331316471,1.6636397839,0.5871592164
5520,1.2316435575,1.6662628651,0.5896764994
5530,1.2313145399,1.6659518480,0.5921867490
5540,1.2354897261,1.6655061245,0.5946793556
5550,1.2359020710,1.6653056145,0.5962519646
5560,1.2374054193,1.6649534702,0.5986879468
5570,1.2378737926,1.6645780802,0.6011029482
5580,1.2387336493,1.6686933041,0.6034985185
5590,1.2389233112,1.6699426174,0.6058652997
5600,1.2387037277,1.6707216501,0.6086817384
5610,1.2394535542,1.6701177359,0.6110708117
5620,1.2383074760,1.6690651178,0.6134576201
5630,1.2385206223,1.6681635380,0.6158195734
5640,1.2372457981,1.6674246788,0.6181331873
5650,1.2384235859,1.6687374115,0.6204511523
5660,1.2381625175,1.6690521240,0.6227618456
5672,1.2386217117,1.6693850756,0.6250465512
5680,1.2393565178,1.6715993881,0.6273700595
5690,1.2402588129,1.6707470417,0.6311880350
5700,1.2414143085,1.6714220047,0.6336008906
5710,1.2423098087,1.6718982458,0.6360229850
5720,1.2413221598,1.6716548204,0.6384589076
5730,1.2413645983,1.6706371307,0.6435275078
5740,1.2389216423,1.6693693399,0.6461113691
5750,1.2408550978,1.6703610420,0.6486850977
5760,1.2426202297,1.6733542681,0.6512608528
5770,1.2398389578,1.6692565680,0.6545010209
5780,1.2441704273,1.6697491407,0.6571004987
5790,1.2378451824,1.6729599237,0.6597690582
5800,1.2428846359,1.6706514359,0.6624250412
5810,1.2410188913,1.6713048220,0.6641538143
5820,1.2491375208,1.6719623804,0.6666896939
5830,1.2419034243,1.6722117662,0.6692034006
5840,1.2422250509,1.6730177402,0.6716091037
5850,1.2412909269,1.6726676226,0.6739925742
5860,1.2437559366,1.6728903055,0.6771795154
5870,1.2447061539,1.6738843918,0.6795804501
5880,1.2393571138,1.6732462645,0.6819716692
5890,1.2332947254,1.6731421947,0.6843389273
5900,1.2359641790,1.6732823849,0.6878160238
5910,1.2391722202,1.6737025976,0.6902729273
5920,1.2426160574,1.6792722940,0.6927071214
5930,1.2517956495,1.6765495539,0.6953847408
5940,1.2480494976,1.6761516333,0.6960565448
5950,1.2471975088,1.6757811308,0.6985375285
5961,1.2484014034,1.6749663353,0.7034522295
5970,1.2488985062,1.6743011475,0.7058846354
5980,1.2571071386,1.6899909973,0.7057385445
5990,1.2576546669,1.6901516914,0.7113446593
6000,1.2554277182,1.6901651621,0.7113927603
6010,1.2539448738,1.6869848967,0.7161975503
6020,1.2533222437,1.6871763468,0.7186024189
6030,1.2517853975,1.6879764795,0.7183568478
6040,1.2489484549,1.6874176264,0.7210320830
6050,1.2478650808,1.6868076324,0.7234410644
6060,1.2484344244,1.6840631962,0.7258465290
6070,1.2492748499,1.6821396351,0.7292408347
6080,1.2500593662,1.6821215153,0.7316171527
6091,1.2506881952,1.6820139885,0.7363145947
6100,1.2511702776,1.6816730499,0.7362951636
6110,1.2497500181,1.6828575134,0.7386466265
6120,1.2497106791,1.6839499474,0.7392751575
6130,1.2490546703,1.6834461689,0.7414506674
6140,1.2487010956,1.6848701239,0.7435923219
6150,1.2481654882,1.6847352982,0.7456744313
6160,1.2479810715,1.6839563847,0.7462275624
6170,1.2467944622,1.6840075254,0.7482504249
6180,1.2467535734,1.6828104258,0.7502706647
6190,1.2473124266,1.6832959652,0.7523102760
6200,1.2483139038,1.6829745770,0.7549306154
6210,1.2496155500,1.6829708815,0.7569790483
6220,1.2473242283,1.6830760241,0.7590005398
6230,1.2480763197,1.6829855442,0.7609992623
6240,1.2451186180,1.6848726273,0.7630534768
6250,1.2445148230,1.6860682964,0.7670472264
6260,1.2407276630,1.6873085499,0.7691765428
6270,1.2445496321,1.6867269278,0.7713276148
6280,1.2429077625,1.6874220371,0.7736976743
6290,1.2418245077,1.6875544786,0.7774966955
6300,1.2412853241,1.6863178015,0.7798140049
6310,1.2398791313,1.6856877804,0.7821654081
6320,1.2417554855,1.6872318983,0.7844921947
6330,1.2435708046,1.6850689650,0.7868755460
6340,1.2450762987,1.6870672703,0.7892001867
6350,1.2444249392,1.6851487160,0.7915311456
6360,1.2452672720,1.6834138632,0.7938568592
6370,1.2460776567,1.6858601570,0.7962007523
6380,1.2459386587,1.6870305538,0.7974832058
6390,1.2456756830,1.6807276011,0.7997380495
6400,1.2450474501,1.6815721989,0.8019589186
6410,1.2438249588,1.6829519272,0.8041647077
6420,1.2432477474,1.6817526817,0.8062015772
6430,1.2431366444,1.6811282635,0.8083695173
6440,1.2430826426,1.6817711592,0.8105538487
6450,1.2417730093,1.6824083328,0.8127211332
6460,1.2426036596,1.6828048229,0.8168501258
6470,1.2370605469,1.6951171160,0.8190896511
6480,1.2438784838,1.6792576313,0.8215590715
6490,1.2438099384,1.6830406189,0.8238542080
6500,1.2410691977,1.6947777271,0.8261367679
6510,1.2410366535,1.6952265501,0.8303400874
6520,1.2446910143,1.6816022396,0.8328318596
6530,1.2439063787,1.6805759668,0.8352280259
6540,1.2393999100,1.6755766869,0.8376370668
6550,1.2388468981,1.6742086411,0.8408204913
6560,1.2396841049,1.6863274574,0.8432991505
6570,1.2230316401,1.6926538944,0.8457676768
6580,1.2190746069,1.6933897734,0.8481364846
6590,1.2175332308,1.6913315058,0.8496096134
6600,1.2177230120,1.6866346598,0.8520528674
6610,1.2187803984,1.6853449345,0.8543896675
6620,1.2173223495,1.6854068041,0.8567525744
6630,1.2166643143,1.6856477261,0.8590385318
6640,1.2197014093,1.6799668074,0.8600585461
6650,1.2164812088,1.6839649677,0.8622483015
6660,1.2180227041,1.6825810671,0.8644200563
6670,1.2143671513,1.6820110083,0.8665492535
6680,1.2159829140,1.6823980808,0.8687047362
6690,1.2146412134,1.6809271574,0.8707941771
6700,1.2135338783,1.6801284552,0.8729460239
6710,1.2146071196,1.6812416315,0.8750553131
6720,1.2139965296,1.6773554087,0.8762790561
6730,1.2159906626,1.6761806011,0.8783280253
6740,1.2171400785,1.6769983768,0.8804234266
6750,1.2132003307,1.6771205664,0.8824799061
6760,1.2133260965,1.6750125885,0.8845280409
6770,1.2094722986,1.6669915915,0.8867841363
6780,1.2155691385,1.6716862917,0.8888708353
6790,1.2147829533,1.6730387211,0.8908990622
6800,1.2137206793,1.6716594696,0.8928932548
6810,1.2135103941,1.6734070778,0.8929044008
6820,1.2107211351,1.6750634909,0.8948302269
6830,1.2090073824,1.6758943796,0.8967569470
6840,1.2117261887,1.6717615128,0.8987268806
6850,1.2114869356,1.6725151539,0.9007327557
6861,1.2114855051,1.6719554663,0.9029127359
6870,1.2108633518,1.6703341007,0.9048959017
6880,1.2151148319,1.6698476076,0.9069169164
6890,1.2150034904,1.6689826250,0.9089572430
6900,1.2153269053,1.6683626175,0.9121406078
6910,1.2151174545,1.6667402983,0.9142372012
6920,1.2143625021,1.6659036875,0.9164249897
6930,1.2153117657,1.6664644480,0.9184471369
6940,1.2147171497,1.6661283970,0.9190725684
6950,1.2130258083,1.6682631969,0.9210260510
6960,1.2167232037,1.6686141491,0.9229875803
6970,1.2162129879,1.6689308882,0.9249303937
6980,1.2182881832,1.6693028212,0.9273318052
6990,1.2164117098,1.6669691801,0.9293393493
7000,1.2088931799,1.6662006378,0.9313511848
7010,1.2120243311,1.6643786430,0.9334329367
7021,1.2173283100,1.6583337784,0.9357445836
7030,1.2202273607,1.6556562185,0.9375078678
7040,1.2152119875,1.6555700302,0.9398077130
7050,1.2060587406,1.6553163528,0.9418439865
7060,1.2163201571,1.6563506126,0.9439647198
7070,1.2152748108,1.6511644125,0.9468586445
7080,1.2142933607,1.6531313658,0.9490109086
7090,1.2064614296,1.6551822424,0.9511863589
7100,1.2094110250,1.6479873657,0.9535838962
7110,1.2105925083,1.6449218988,0.9566970468
7120,1.2107799053,1.6453722715,0.9591357708
7130,1.2108949423,1.6440080404,0.9616768956
7141,1.2101963758,1.6404650211,0.9639801383
7150,1.2142837048,1.6410423517,0.9662475586
7160,1.2132740021,1.6383175850,0.9663307667
