Time,X,Y,Z,Zrange,Gas1L,Gas1R
0,1.2661206722,2.1837925911,0.0142151006,14,19351,19237
10,1.2656447887,2.1844246387,0.0145117398,15,19351,19237
20,1.2656379938,2.1849710941,0.0145065496,15,19351,19237
30,1.2653806210,2.1852223873,0.0144981667,15,19351,19237
40,1.2660772800,2.1852269173,0.0145230656,15,19351,19237
50,1.2662742138,2.1850502491,0.0145218922,15,19351,19237
60,1.2662698030,2.1850492954,0.0138958944,13,19351,19237
70,1.2666676044,2.1855423450,0.0138385305,13,19351,19237
80,1.2667013407,2.1855490208,0.0138083631,13,19351,19237
90,1.2666977644,2.1855437756,0.0137646552,13,19351,19237
100,1.2664557695,2.1855120659,0.0142297829,15,19351,19237
110,1.2660667896,2.1856880188,0.0142404046,15,19351,19237
120,1.2660690546,2.1857810020,0.0142306332,15,19351,19237
130,1.2659858465,2.1852915287,0.0142182568,15,19351,19237
140,1.2659834623,2.1852908134,0.0142033705,14,19351,19237
150,1.2658513784,2.1857883930,0.0140930722,14,19351,19237
160,1.2658497095,2.1857867241,0.0140739921,14,19351,19237
170,1.2661025524,2.1856863499,0.0140637690,14,19351,19237
180,1.2655751705,2.1857433319,0.0140948137,14,19369,19237
190,1.2652382851,2.1862757206,0.0140249599,14,19369,19237
200,1.2649515867,2.1860525608,0.0140360929,14,19369,19237
210,1.2647924423,2.1862096786,0.0140326926,14,19369,19237
220,1.2653541565,2.1855168343,0.0140198572,14,19369,19237
230,1.2653552294,2.1861281395,0.0132144522,12,19369,19237
240,1.2655780315,2.1860699654,0.0131278895,12,19369,19237
250,1.2655314207,2.1867535114,0.0130640389,12,19369,19237
260,1.2654142380,2.1867032051,0.0129897567,12,19369,19237
270,1.2651196718,2.1868872643,0.0128567843,12,19369,19237
280,1.2649780512,2.1870095730,0.0124213621,12,19369,19237
290,1.2647893429,2.1868071556,0.0123175550,12,19369,19237
300,1.2647867203,2.1867802143,0.0122185126,12,19369,19237
310,1.2648746967,2.1867182255,0.0121435691,12,19369,19237
320,1.2648847103,2.1867134571,0.0132713784,15,19369,19237
330,1.2648798227,2.1866273880,0.0132406522,15,19369,19237
340,1.2649137974,2.1863992214,0.0132131316,15,19369,19237
350,1.2646105289,2.1856224537,0.0132007562,15,19369,19237
360,1.2644819021,2.1850433350,0.0131744379,14,19369,19237
370,1.2642949820,2.1855261326,0.0134841474,14,19369,19237
380,1.2642925978,2.1855263710,0.0134782838,14,19369,19237
390,1.2643615007,2.1854794025,0.0134872580,14,19369,19237
400,1.2643586397,2.1854760647,0.0134776086,14,19369,19237
410,1.2639718056,2.1857819557,0.0136633376,14,19369,19237
420,1.2641545534,2.1864979267,0.0136549249,14,19369,19237
430,1.2641527653,2.1864967346,0.0136542739,14,19369,19237
440,1.2641599178,2.1865437031,0.0136537338,14,19369,19244
450,1.2640604973,2.1866841316,0.0136557147,11,19369,19244
460,1.2641575336,2.1866016388,0.0125162015,11,19369,19244
470,1.2640820742,2.1873493195,0.0124585517,11,19369,19244
480,1.2639589310,2.1873440742,0.0123930108,11,19369,19244
490,1.2639576197,2.1873421669,0.0123309400,11,19369,19244
500,1.2634004354,2.1868085861,0.0113039501,10,19369,19244
510,1.2633987665,2.1868062019,0.0111903120,10,19369,19244
520,1.2636671066,2.1872072220,0.0110585801,10,19369,19244
530,1.2635107040,2.1869084835,0.0110877855,10,19369,19244
540,1.2637379169,2.1868159771,0.0112833371,12,19369,19244
550,1.2636508942,2.1864593029,0.0112981452,12,19369,19244
560,1.2635868788,2.1864426136,0.0112112109,12,19369,19244
570,1.2631206512,2.1864078045,0.0111493906,12,19369,19244
580,1.2631120682,2.1863589287,0.0110842660,12,19369,19244
590,1.2627383471,2.1866500378,0.0117977485,13,19369,19244
600,1.2621886730,2.1862568855,0.0117777130,13,19369,19244
610,1.2631902695,2.1859216690,0.0117732594,13,19369,19244
620,1.2631727457,2.1859068871,0.0116796913,13,19369,19244
630,1.2635910511,2.1854231358,0.0121973595,13,19369,19244
640,1.2635804415,2.1854217052,0.0121792415,13,19369,19244
650,1.2635784149,2.1854188442,0.0121595059,13,19369,19244
660,1.2643481493,2.1853976250,0.0121745514,13,19369,19244
670,1.2644864321,2.1859488487,0.0121304421,12,19369,19244
680,1.2642401457,2.1859579086,0.0120257046,12,19375,19244
690,1.2640930414,2.1860799789,0.0119798165,12,19375,19244
700,1.2636268139,2.1858947277,0.0119801136,12,19375,19244
710,1.2647861242,2.1859555244,0.0120242555,12,19375,19244
720,1.2644586563,2.1857969761,0.0124200583,13,19375,19244
730,1.2645664215,2.1863632202,0.0124292746,13,19375,19244
740,1.2654585838,2.1862001419,0.0124865817,13,19375,19244
750,1.2654023170,2.1863188744,0.0124939997,13,19375,19244
760,1.2662451267,2.1862599850,0.0127241826,13,19375,19244
770,1.2661199570,2.1860759258,0.0127565581,13,19375,19244
780,1.2658023834,2.1863839626,0.0127585949,13,19375,19244
790,1.2663526535,2.1866674423,0.0127787199,13,19375,19244
800,1.2663284540,2.1865622997,0.0128072966,13,19375,19244
810,1.2663118839,2.1866147518,0.0124876387,12,19375,19244
820,1.2658915520,2.1865885258,0.0125177689,12,19375,19244
830,1.2660439014,2.1864511967,0.0125215100,12,19375,19244
840,1.2656322718,2.1860058308,0.0125357173,12,19375,19244
850,1.2651709318,2.1857912540,0.0131304553,14,19375,19244
860,1.2657306194,2.1862103939,0.0131814117,14,19375,19244
870,1.2659604549,2.1862452030,0.0132115250,14,19375,19244
880,1.2663310766,2.1867942810,0.0132510550,14,19375,19244
890,1.2662680149,2.1866064072,0.0132905198,14,19375,19244
900,1.2659788132,2.1865611076,0.0132168094,13,19375,19244
911,1.2659735680,2.1865699291,0.0132449921,13,19375,19244
920,1.2656352520,2.1863455772,0.0132967196,13,19375,19244
930,1.2661854029,2.1868000031,0.0133465435,13,19375,19250
940,1.2660614252,2.1863451004,0.0140617946,15,19375,19250
950,1.2656162977,2.1862816811,0.0141524402,15,19375,19250
960,1.2655138969,2.1862933636,0.0142153315,15,19375,19250
970,1.2654514313,2.1861393452,0.0142751159,15,19375,19250
980,1.2654517889,2.1861395836,0.0143410973,12,19375,19250
990,1.2656023502,2.1858873367,0.0134186931,12,19375,19250
1000,1.2652601004,2.1858470440,0.0134491604,12,19375,19250
1010,1.2659118176,2.1863610744,0.0134644620,12,19375,19250
1020,1.2657929659,2.1858959198,0.0134797329,12,19375,19250
1030,1.2661231756,2.1837937832,0.0140032172,14,19375,19250
1040,1.2661260366,2.1837980747,0.0140036186,14,19375,19250
1050,1.2661283016,2.1838002205,0.0140031176,14,19375,19250
1060,1.2661280632,2.1838014126,0.0140027674,14,19375,19250
1070,1.2661262751,2.1838026047,0.0140032386,12,19375,19250
1080,1.2661241293,2.1838021278,0.0129742771,12,19375,19250
1090,1.2661204338,2.1837999821,0.0129613047,12,19375,19250
1100,1.2661166191,2.1837980747,0.0129467882,12,19375,19250
1110,1.2661129236,2.1837937832,0.0129324198,12,19375,19250
1120,1.2661093473,2.1837916374,0.0133329015,14,19375,19250
1130,1.2661031485,2.1837871075,0.0133320065,14,19375,19250
1140,1.2660986185,2.1837842464,0.0133307055,14,19375,19250
1150,1.2660959959,2.1837799549,0.0133304978,14,19375,19250
1160,1.2660919428,2.1837768555,0.0128634414,12,19375,19250
1170,1.2660893202,2.1837735176,0.0128407199,12,19375,19250
1180,1.2660862207,2.1837725639,0.0128166787,12,19382,19250
1190,1.2660859823,2.1837711334,0.0127913319,12,19382,19250
1200,1.2660857439,2.1837706566,0.0127654243,12,19382,19250
1210,1.2660814524,2.1837670803,0.0124485362,12,19382,19250
1220,1.2660781145,2.1837632656,0.0124036614,12,19382,19250
1230,1.2660750151,2.1837589741,0.0123524712,12,19382,19250
1240,1.2660744190,2.1837599277,0.0123031847,12,19382,19250
1250,1.2660675049,2.1837532520,0.0122514535,12,19382,19250
1260,1.2660700083,2.1837565899,0.0120889749,12,19382,19250
1270,1.2660688162,2.1837537289,0.0120286159,12,19382,19250
1280,1.2660657167,2.1837520599,0.0119669950,12,19382,19250
1290,1.2660634518,2.1837496758,0.0119038401,13,19382,19250
1300,1.2660642862,2.1837513447,0.0123091647,13,19382,19250
1310,1.2660617828,2.1837499142,0.0122731365,13,19382,19250
1320,1.2660596371,2.1837472916,0.0122366054,13,19382,19250
1330,1.2660578489,2.1837458611,0.0121985488,13,19382,19250
1340,1.2660639286,2.1837530136,0.0129216705,14,19382,19250
1350,1.2660635710,2.1837515831,0.0129254814,14,19382,19250
1360,1.2660620213,2.1837491989,0.0129289208,14,19382,19250
1370,1.2660608292,2.1837496758,0.0129325083,14,19382,19250
1380,1.2660539150,2.1837427616,0.0129359039,13,19382,19250
1390,1.2660586834,2.1837489605,0.0129672168,13,19382,19250
1400,1.2660572529,2.1837477684,0.0129712997,13,19382,19250
1410,1.2660555840,2.1837477684,0.0129751358,13,19382,19250
1420,1.2660472393,2.1837418079,0.0129787251,13,19382,19250
1430,1.2660353184,2.1837317944,0.0117032835,10,19382,19257
1440,1.2660330534,2.1837296486,0.0116343480,10,19382,19257
1450,1.2660318613,2.1837272644,0.0115645742,10,19382,19257
1460,1.2660305500,2.1837258339,0.0114943329,10,19382,19257
1470,1.2660368681,2.1837317944,0.0120887207,13,19382,19257
1480,1.2660343647,2.1837298870,0.0120539228,13,19382,19257
1490,1.2660325766,2.1837279797,0.0120194042,13,19382,19257
1500,1.2660304308,2.1837279797,0.0119848214,13,19382,19257
1510,1.2660282850,2.1837267876,0.0119692506,12,19382,19257
1520,1.2660264969,2.1837246418,0.0119348792,12,19382,19257
1530,1.2660232782,2.1837251186,0.0118995551,12,19382,19257
1540,1.2660204172,2.1837232113,0.0118593983,12,19382,19257
1550,1.2646148205,2.1777257919,0.0118218455,12,19382,19257
1560,1.2075928450,2.1991024017,0.0118571101,12,19382,19257
1570,1.2821551561,2.2222244740,0.0118365670,12,19382,19257
1580,1.2964646816,2.2158367634,0.0118256388,12,19382,19257
1590,1.2827562094,2.2284901142,0.0117965126,12,19382,19257
1600,1.2702691555,2.2469663620,0.0126555022,14,19382,19257
1610,1.2472810745,2.2364006042,0.0126980338,14,19382,19257
1620,1.2524405718,2.2398893833,0.0126906298,14,19382,19257
1630,1.2476036549,2.2093484402,0.0127656544,14,19382,19257
1641,1.2425115108,2.1837522984,0.0127658537,14,19382,19257
1651,1.2745447159,2.1942698956,0.0137577364,15,19382,19257
1660,1.2570102215,2.1919233799,0.0138577903,15,19382,19257
1671,1.2788013220,2.1952624321,0.0139758727,15,19382,19257
1680,1.2698187828,2.1974146366,0.0139914639,15,19399,19257
1691,1.2676373720,2.1953413486,0.0132774217,12,19399,19257
1701,1.2503283024,2.1824617386,0.0132930046,12,19399,19257
1710,1.2406864166,2.1709294319,0.0133273266,12,19399,19257
1720,1.2461078167,2.1787524223,0.0133550782,12,19399,19257
1731,1.2475498915,2.1795778275,0.0132237542,13,19399,19257
1740,1.2473597527,2.1794166565,0.0132223107,13,19399,19257
1750,1.2456744909,2.1784503460,0.0132232392,13,19399,19257
1760,1.2452490330,2.1799004078,0.0132383863,13,19399,19257
1771,1.2431857586,2.1794507504,0.0132446056,13,19399,19257
1780,1.2431669235,2.1794657707,0.0127302231,12,19399,19257
1790,1.2573397160,2.1800360680,0.0127740214,12,19399,19257
1802,1.2585175037,2.1733019352,0.0127305426,12,19399,19257
1811,1.2559224367,2.1703283787,0.0127419662,12,19399,19257
1820,1.2554310560,2.1729052067,0.0120027317,11,19399,19257
1830,1.2595869303,2.1739308834,0.0119382450,11,19399,19257
1840,1.2591270208,2.1763484478,0.0119310925,11,19399,19257
1850,1.2606669664,2.1812465191,0.0117817670,11,19399,19257
1862,1.2585057020,2.1787991524,0.0117534427,11,19399,19257
1870,1.2548561096,2.1819064617,0.0126376767,14,19399,19257
1880,1.2584531307,2.1818411350,0.0126376236,14,19399,19257
1890,1.2670596838,2.1860582829,0.0126477787,14,19399,19257
1900,1.2644349337,2.1887466908,0.0126597621,14,19399,19257
1910,1.2610335350,2.1878416538,0.0132048540,14,19399,19257
1920,1.2619589567,2.1833338737,0.0132385548,14,19399,19257
1930,1.2601066828,2.1774616241,0.0132780140,14,19399,19262
1940,1.2588579655,2.1806037426,0.0132779144,14,19399,19262
1950,1.2603324652,2.1821265221,0.0132958405,11,19399,19262
1960,1.2590482235,2.1817023754,0.0123508302,11,19399,19262
1970,1.2623392344,2.1812703609,0.0122726047,11,19399,19262
1981,1.2635899782,2.1810104847,0.0122299511,11,19399,19262
1990,1.2630153894,2.1817390919,0.0121922148,11,19399,19262
2000,1.2630288601,2.1794745922,0.0124913082,13,19399,19262
2010,1.2624229193,2.1789815426,0.0124373799,13,19399,19262
2020,1.2614299059,2.1780197620,0.0123970732,13,19399,19262
2030,1.2608988285,2.1759359837,0.0123676760,13,19399,19262
2040,1.2609893084,2.1763761044,0.0123407161,13,19399,19262
2050,1.2577221394,2.1743166447,0.0126072718,13,19399,19262
2060,1.2576459646,2.1722574234,0.0125989625,13,19399,19262
2070,1.2556056976,2.1734352112,0.0125567624,13,19399,19262
2080,1.2551110983,2.1741442680,0.0125471922,13,19399,19262
2090,1.2538677454,2.1769535542,0.0126999635,13,19399,19262
2100,1.2515710592,2.1751232147,0.0127204107,13,19399,19262
2110,1.2511659861,2.1738491058,0.0127093801,13,19399,19262
2120,1.2431290150,2.1728227139,0.0126786660,13,19399,19262
2130,1.2431281805,2.1728210449,0.0128011853,13,19399,19262
2140,1.2443661690,2.1742932796,0.0127922175,13,19399,19262
2150,1.2449264526,2.1744132042,0.0127995033,13,19399,19262
2161,1.2425917387,2.1734712124,0.0128116924,13,19399,19262
2170,1.2435678244,2.1746408939,0.0128003750,13,19399,19262
2181,1.2408504486,2.1730930805,0.0129209459,13,19406,19262
2191,1.2422910929,2.1733324528,0.0129240109,13,19406,19262
2200,1.2409193516,2.1719455719,0.0129486220,13,19406,19262
2210,1.2457731962,2.1716194153,0.0130087007,13,19406,19262
2221,1.2469102144,2.1746325493,0.0130030243,13,19406,19262
2231,1.2468411922,2.1743609905,0.0130092548,13,19406,19262
2240,1.2486877441,2.1749930382,0.0130202975,13,19406,19262
2250,1.2502797842,2.1751365662,0.0130276754,13,19406,19262
2261,1.2523432970,2.1784846783,0.0134295877,14,19406,19262
2270,1.2532545328,2.1780984402,0.0134624084,14,19406,19262
2280,1.2552937269,2.1804003716,0.0134959491,14,19406,19262
2290,1.2552930117,2.1804006100,0.0135249887,14,19406,19262
2300,1.2564902306,2.1812443733,0.0135642048,14,19406,19262
2310,1.2566273212,2.1812801361,0.0133569529,13,19406,19262
2320,1.2563434839,2.1811473370,0.0133488597,13,19406,19262
2330,1.2563431263,2.1811492443,0.0133598093,13,19406,19262
2340,1.2573429346,2.1828045845,0.0133556183,13,19406,19262
2350,1.2570374012,2.1819379330,0.0128107481,12,19406,19262
2360,1.2583073378,2.1829681396,0.0127812950,12,19406,19262
2370,1.2563848495,2.1817550659,0.0127964364,12,19406,19262
2381,1.2562549114,2.1831152439,0.0127759492,12,19406,19262
2390,1.2554242611,2.1838500500,0.0127707710,15,19406,19262
2400,1.2538211346,2.1826462746,0.0137379291,15,19406,19262
2410,1.2547899485,2.1830289364,0.0137719959,15,19406,19262
2420,1.2567553520,2.1829147339,0.0138045680,15,19406,19262
2430,1.2567563057,2.1829159260,0.0138360690,15,19406,19268
2441,1.2583153248,2.1826727390,0.0143129537,15,19406,19268
2450,1.2576498985,2.1823852062,0.0143604409,15,19406,19268
2460,1.2598514557,2.1811635494,0.0144144222,15,19406,19268
2470,1.2598534822,2.1811656952,0.0144677358,15,19406,19268
2481,1.2590699196,2.1815304756,0.0143276174,14,19406,19268
2492,1.2614712715,2.1810550690,0.0143901343,14,19406,19268
2501,1.2603234053,2.1807699203,0.0144541934,14,19406,19268
2510,1.2640861273,2.1824054718,0.0145178512,14,19406,19268
2520,1.2638601065,2.1821811199,0.0145778432,14,19406,19268
2532,1.2618310452,2.1808886528,0.0144184409,14,19406,19268
2540,1.2618310452,2.1808886528,0.0144184409,14,19406,19268
2551,1.2606548071,2.1797561646,0.0144662643,14,19406,19268
2560,1.2601430416,2.1817553043,0.0144581320,14,19406,19268
2571,1.2590943575,2.1825389862,0.0143109327,14,19406,19268
2581,1.2570255995,2.1829490662,0.0143061830,14,19406,19268
2591,1.2567527294,2.1812655926,0.0143734226,14,19406,19268
2600,1.2552862167,2.1794769764,0.0143858669,14,19406,19268
2611,1.2553750277,2.1800208092,0.0143989958,11,19406,19268
2620,1.2540478706,2.1797802448,0.0130202537,11,19406,19268
2630,1.2539800406,2.1797645092,0.0129553415,11,19406,19268
2640,1.2539764643,2.1797611713,0.0128897484,11,19406,19268
2650,1.2545773983,2.1787085533,0.0128156841,11,19406,19268
2660,1.2556161880,2.1788673401,0.0128440782,13,19406,19268
2671,1.2559982538,2.1802036762,0.0127641708,13,19406,19268
2680,1.2558528185,2.1801965237,0.0127017656,13,19413,19268
2690,1.2556126118,2.1831374168,0.0126464712,13,19413,19268
2700,1.2554360628,2.1831841469,0.0131414067,14,19413,19268
2710,1.2562325001,2.1836400032,0.0131050618,14,19413,19268
2720,1.2548977137,2.1832442284,0.0131104402,14,19413,19268
2730,1.2555192709,2.1833190918,0.0130773475,14,19413,19268
2740,1.2547924519,2.1837646961,0.0130573865,14,19413,19268
2750,1.2547500134,2.1843786240,0.0142310625,16,19413,19268
2760,1.2547472715,2.1843709946,0.0142607596,16,19413,19268
2770,1.2551337481,2.1845393181,0.0142936390,16,19413,19268
2781,1.2553838491,2.1841289997,0.0143054835,16,19413,19268
2790,1.2543970346,2.1840155125,0.0121491272,9,19413,19268
2800,1.2541756630,2.1847167015,0.0120556299,9,19413,19268
2810,1.2557139397,2.1868796349,0.0119724888,9,19413,19268
2820,1.2543516159,2.1852738857,0.0118743740,9,19413,19268
2830,1.2564128637,2.1853954792,0.0118001774,12,19413,19268
2840,1.2564122677,2.1853950024,0.0117786704,12,19413,19268
2850,1.2572668791,2.1865391731,0.0116672022,12,19413,19268
2860,1.2572648525,2.1865406036,0.0115635628,12,19413,19268
2870,1.2572658062,2.1872131824,0.0114719113,12,19413,19268
2880,1.2572625875,2.1872158051,0.0111709619,11,19413,19268
2890,1.2572611570,2.1872138977,0.0110541051,11,19413,19268
2900,1.2572613955,2.1872096062,0.0109358951,11,19413,19268
2910,1.2581967115,2.1872541904,0.0108074537,11,19413,19268
2920,1.2582087517,2.1872413158,0.0119852116,14,19413,19268
2930,1.2581573725,2.1870834827,0.0119341845,14,19413,19257
2940,1.2578443289,2.1869482994,0.0118739465,14,19413,19257
2950,1.2599031925,2.1870214939,0.0118645821,14,19413,19257
2961,1.2610732317,2.1873273849,0.0118189082,12,19413,19257
2971,1.2608569860,2.1873731613,0.0118463617,12,19413,19257
2981,1.2618989944,2.1885833740,0.0117850034,12,19413,19257
2990,1.2627736330,2.1887946129,0.0117816543,12,19413,19257
3000,1.2643727064,2.1896679401,0.0117484797,12,19413,19257
3010,1.2648863792,2.1881494522,0.0114238942,11,19413,19257
3022,1.2642803192,2.1873452663,0.0113247149,11,19413,19257
3030,1.2648135424,2.1866712570,0.0113236262,11,19413,19257
3040,1.2645735741,2.1853184700,0.0112682786,11,19413,19257
3051,1.2645083666,2.1853115559,0.0112028383,14,19413,19257
3062,1.2632166147,2.1846647263,0.0122950375,14,19413,19257
3071,1.2622954845,2.1838686466,0.0122944107,14,19413,19257
3081,1.2618154287,2.1848032475,0.0122687230,14,19413,19257
3091,1.2609009743,2.1847102642,0.0122803599,14,19413,19257
3100,1.2621217966,2.1861503124,0.0117446752,11,19413,19257
3111,1.2620428801,2.1853845119,0.0116986670,11,19413,19257
3121,1.2626879215,2.1843802929,0.0116998823,11,19413,19257
3131,1.2624870539,2.1835765839,0.0116692027,11,19413,19257
3141,1.2622431517,2.1835033894,0.0116302473,12,19413,19257
3150,1.2642778158,2.1823053360,0.0117825326,12,19413,19257
3160,1.2636073828,2.1823019981,0.0122542400,12,19413,19257
3170,1.2642860413,2.1786324978,0.0117287887,12,19413,19257
3182,1.2652294636,2.1758368015,0.0155444341,12,19412,19257
3191,1.2652271986,2.1758456230,0.0149342995,14,19412,19257
3201,1.2664054632,2.1754016876,0.0199288130,14,19412,19257
3211,1.2637391090,2.1728167534,0.0291523896,14,19412,19257
3220,1.2667461634,2.1761982441,0.0589172430,14,19412,19257
3232,1.2674921751,2.1813881397,0.0402061529,10,19412,19257
3240,1.2696959972,2.1844396591,0.0201338492,10,19412,19257
3250,1.2708541155,2.1863811016,0.0202775486,10,19412,19257
3260,1.2717673779,2.1859991550,0.0441325754,10,19412,19257
3270,1.2732141018,2.1875026226,0.0569377169,10,19412,19257
3280,1.2730429173,2.1871228218,0.0514697768,15,19412,19257
3290,1.2718992233,2.1860561371,0.0534149744,15,19412,19257
3300,1.2731653452,2.1867275238,0.0545445308,15,19412,19257
3311,1.2730733156,2.1873612404,0.0554762855,15,19412,19257
3320,1.2720506191,2.1865508556,0.0419836529,12,19412,19257
3330,1.2725201845,2.1866722107,0.0423335545,12,19412,19257
3341,1.2725640535,2.1860969067,0.0427924432,12,19412,19257
3350,1.2727123499,2.1866779327,0.0435142182,12,19412,19257
3360,1.2722357512,2.1870651245,0.0447582416,14,19412,19257
3371,1.2717390060,2.1863639355,0.0340948924,14,19412,19257
3380,1.2721134424,2.1861193180,0.0342283510,14,19412,19257
3390,1.2715911865,2.1864814758,0.0348618031,14,19412,19257
3402,1.2720012665,2.1860818863,0.0351114720,14,19412,19257
3413,1.2707498074,2.1866207123,0.0266676303,13,19412,19257
3420,1.2703794241,2.1867001057,0.0262443032,13,19412,19257
3432,1.2700790167,2.1863026619,0.0258812644,13,19412,19266
3441,1.2695481777,2.1854398251,0.0254970547,13,19412,19266
3450,1.2698194981,2.1853823662,0.0210770797,15,19412,19266
3460,1.2695753574,2.1848666668,0.0205429681,15,19412,19266
3470,1.2691732645,2.1850221157,0.0199855883,15,19412,19266
3481,1.2699557543,2.1853156090,0.0192823261,15,19412,19266
3492,1.2697347403,2.1839835644,0.0193753149,16,19412,19266
3500,1.2697805166,2.1830661297,0.0173368864,16,19412,19266
3511,1.2691549063,2.1829369068,0.0173940007,16,19412,19266
3520,1.2691780329,2.1832308769,0.0166796464,16,19412,19266
3531,1.2688478231,2.1832177639,0.0168756600,16,19412,19266
3542,1.2679973841,2.1821892262,0.0164480992,17,19412,19266
3550,1.2647892237,2.1843333244,0.0128745548,17,19412,19266
3560,1.2603873014,2.1837649345,-0.0073421989,17,19412,19266
3570,1.2618882656,2.1859495640,0.0254233852,17,19412,19266
3580,1.2633702755,2.1843309402,0.0331374183,18,19412,19266
3590,1.2685673237,2.1822338104,0.0268575568,18,19412,19266
3600,1.2642569542,2.1822836399,0.0549776442,18,19412,19266
3610,1.2640607357,2.1793036461,0.0511307046,18,19412,19266
3620,1.2622311115,2.1833639145,0.0716333091,18,19412,19266
3630,1.2631385326,2.1841208935,0.0581428595,20,19412,19266
3640,1.2673923969,2.1840898991,0.0594531335,20,19412,19266
3650,1.2691783905,2.1849455833,0.0605110116,20,19412,19266
3660,1.2693201303,2.1853635311,0.0614368916,20,19412,19266
3670,1.2696413994,2.1863603592,0.0527766719,25,19412,19266
3680,1.2689882517,2.1849634647,0.0535590053,25,19430,19266
3690,1.2679084539,2.1839842796,0.0518822484,25,19430,19266
3700,1.2696197033,2.1844651699,0.0605727658,25,19430,19266
3710,1.2684409618,2.1829688549,0.0610547699,25,19430,19266
3720,1.2684895992,2.1830785275,0.0458981022,17,19430,19266
3730,1.2673512697,2.1827270985,0.0462770164,17,19430,19266
3741,1.2678027153,2.1824808121,0.0467012227,17,19430,19266
3750,1.2673593760,2.1823501587,0.0469282083,17,19430,19266
3760,1.2674317360,2.1819002628,0.0352044143,16,19430,19266
3770,1.2676254511,2.1823337078,0.0348174870,16,19430,19266
3780,1.2664730549,2.1812558174,0.0345224738,16,19430,19266
3790,1.2659040689,2.1810154915,0.0343899317,16,19430,19266
3800,1.2663854361,2.1807513237,0.0280137789,19,19430,19266
3810,1.2653613091,2.1811306477,0.0273950100,19,19430,19266
3820,1.2651804686,2.1806113720,0.0268262271,19,19430,19266
3830,1.2646257877,2.1801695824,0.0262111463,19,19430,19266
3840,1.2662962675,2.1797480583,0.0262360033,19,19430,19266
3850,1.2659294605,2.1797604561,0.0238261484,21,19430,19266
3860,1.2642163038,2.1801517010,0.0230501015,21,19430,19266
3870,1.2640012503,2.1802875996,0.0224035364,21,19430,19266
3880,1.2634074688,2.1802823544,0.0218164716,21,19430,19266
3890,1.2638078928,2.1795253754,0.0177205727,12,19430,19266
3900,1.2637554407,2.1794607639,0.0171303786,12,19430,19266
3910,1.2636450529,2.1797440052,0.0166427586,12,19430,19266
3920,1.2658470869,2.1787817478,0.0170048121,12,19430,19266
3930,1.2679818869,2.1773054600,0.0107843811,0,19430,19284
3940,1.2703038454,2.1775009632,0.0005859958,0,19430,19284
3950,1.2705844641,2.1766741276,0.0025341583,0,19430,19284
3960,1.2705476284,2.1782033443,0.0092042470,0,19430,19284
3970,1.2686258554,2.1794111729,0.0124155125,0,19430,19284
3980,1.2685574293,2.1784648895,0.0105347317,0,19430,19284
3990,1.2687780857,2.1784117222,0.0109594613,0,19430,19284
4000,1.2672560215,2.1790609360,0.0099443570,0,19430,19284
4010,1.2669023275,2.1792700291,0.0109500168,0,19430,19284
4020,1.2645151615,2.1760716438,0.0068686823,0,19430,19284
4030,1.2632539272,2.1743359566,0.0074277963,0,19430,19284
4040,1.2618052959,2.1759228706,0.0229432490,0,19430,19284
4050,1.2608907223,2.1766216755,0.0240360480,0,19430,19284
4060,1.2617748976,2.1763601303,0.0310417134,0,19430,19284
4070,1.2601212263,2.1756088734,0.0261386242,7,19430,19284
4080,1.2596971989,2.1761682034,0.0339448787,7,19430,19284
4090,1.2605397701,2.1767024994,0.0350611769,7,19430,19284
4100,1.2563759089,2.1770076752,0.0446156189,7,19430,19284
4110,1.2552043200,2.1774344444,0.0387404934,13,19430,19284
4120,1.2546474934,2.1767747402,0.0426918119,13,19430,19284
4130,1.2549501657,2.1762051582,0.0455056876,13,19430,19284
4140,1.2550958395,2.1746244431,0.0455863886,13,19430,19284
4150,1.2569271326,2.1739697456,0.0414928161,24,19430,19284
4160,1.2585500479,2.1741948128,0.0393424332,24,19430,19284
4170,1.2583657503,2.1741738319,0.0422478952,24,19430,19284
4180,1.2576973438,2.1740901470,0.0452148952,24,19438,19284
4191,1.2563557625,2.1724073887,0.0479743704,24,19438,19284
4200,1.2543835640,2.1713941097,0.0430845916,36,19438,19284
4210,1.2548582554,2.1711447239,0.0471595414,36,19438,19284
4220,1.2532366514,2.1706984043,0.0481413864,36,19438,19284
4231,1.2536592484,2.1682667732,0.0534779318,36,19438,19284
4240,1.2547130585,2.1690597534,0.0574169308,36,19438,19284
4250,1.2552654743,2.1683073044,0.0521856472,41,19438,19284
4260,1.2558338642,2.1703126431,0.0537164584,41,19438,19284
4270,1.2558084726,2.1705501080,0.0558317602,41,19438,19284
4280,1.2559676170,2.1707396507,0.0568429343,41,19438,19284
4290,1.2586040497,2.1728844643,0.0541615486,57,19438,19284
4300,1.2582939863,2.1718792915,0.0622927584,57,19438,19284
4310,1.2578567266,2.1719524860,0.0653170869,57,19438,19284
4320,1.2594064474,2.1708650589,0.0668809116,57,19438,19284
4330,1.2596621513,2.1712133884,0.0685075223,65,19438,19284
4340,1.2616831064,2.1706552505,0.0697377175,65,19438,19284
4350,1.2619825602,2.1704435349,0.0712825730,65,19438,19284
4360,1.2633342743,2.1724655628,0.0726382732,65,19438,19284
4370,1.2639598846,2.1746807098,0.0714408234,65,19438,19284
4380,1.2640768290,2.1750235558,0.0695365444,66,19438,19284
4390,1.2644202709,2.1744511127,0.0750449300,66,19438,19284
4400,1.2644244432,2.1744294167,0.0758763701,66,19438,19284
4410,1.2654178143,2.1738672256,0.0785021633,66,19438,19284
4420,1.2653653622,2.1751263142,0.0763424635,70,19438,19284
4430,1.2655713558,2.1752905846,0.0775097758,70,19438,19301
4440,1.2653895617,2.1753554344,0.0796871558,70,19438,19301
4450,1.2650220394,2.1756994724,0.0809377879,70,19438,19301
4460,1.2649221420,2.1769087315,0.0777978599,70,19438,19301
4470,1.2643715143,2.1764838696,0.0784225091,70,19438,19301
4480,1.2641034126,2.1762268543,0.0795631111,70,19438,19301
4490,1.2644840479,2.1755907536,0.0805950537,70,19438,19301
4500,1.2636972666,2.1746387482,0.0808701888,81,19438,19301
4510,1.2642772198,2.1750352383,0.0822280794,81,19438,19301
4520,1.2646367550,2.1732063293,0.0831345916,81,19438,19301
4530,1.2643629313,2.1736197472,0.0843123272,81,19438,19301
4540,1.2642139196,2.1728742123,0.0842029974,81,19438,19301
4550,1.2638391256,2.1719462872,0.0848287269,82,19438,19301
4560,1.2619432211,2.1720016003,0.0840816349,82,19438,19301
4570,1.2610683441,2.1719484329,0.0857246667,82,19438,19301
4580,1.2606953382,2.1710982323,0.0876686499,82,19438,19301
4590,1.2602758408,2.1702983379,0.0887432173,87,19438,19301
4600,1.2602072954,2.1696989536,0.0898983106,87,19438,19301
4610,1.2598261833,2.1697342396,0.0910977498,87,19438,19301
4620,1.2580320835,2.1687266827,0.0928146243,87,19438,19301
4630,1.2581157684,2.1683754921,0.0945067555,87,19438,19301
4640,1.2574691772,2.1692943573,0.0947533101,92,19438,19301
4650,1.2569798231,2.1685605049,0.0974929556,92,19438,19301
4660,1.2564312220,2.1672651768,0.0982803106,92,19438,19301
4670,1.2559946775,2.1662259102,0.1008221954,92,19438,19301
4680,1.2555009127,2.1667859554,0.1019767821,98,19451,19301
4690,1.2550551891,2.1652874947,0.1040761545,98,19451,19301
4700,1.2549554110,2.1647722721,0.1058333740,98,19451,19301
4710,1.2546945810,2.1653742790,0.1078539267,98,19451,19301
4720,1.2545485497,2.1653587818,0.1093459800,106,19451,19301
4730,1.2518181801,2.1656899452,0.1111254022,106,19451,19301
4740,1.2518644333,2.1649017334,0.1148137674,106,19451,19301
4750,1.2509179115,2.1648054123,0.1165990978,106,19451,19301
4760,1.2515068054,2.1649281979,0.1196192801,106,19451,19301
4770,1.2509956360,2.1651282310,0.1199459806,118,19451,19301
4780,1.2506601810,2.1651549339,0.1226809472,118,19451,19301
4790,1.2483609915,2.1647660732,0.1255501211,118,19451,19301
4800,1.2477643490,2.1640093327,0.1282389760,118,19451,19301
4810,1.2476953268,2.1642620564,0.1288339943,126,19451,19301
4820,1.2475033998,2.1643552780,0.1312264055,126,19451,19301
4830,1.2478331327,2.1645486355,0.1334354877,126,19451,19301
4840,1.2475398779,2.1645195484,0.1355425119,126,19451,19301
4850,1.2440204620,2.1650912762,0.1392734796,126,19451,19301
4860,1.2437412739,2.1655726433,0.1410990953,137,19451,19301
4870,1.2429629564,2.1656880379,0.1433730274,137,19451,19301
4880,1.2428108454,2.1649494171,0.1459442824,137,19451,19301
4890,1.2427808046,2.1659746170,0.1484935731,137,19451,19301
4900,1.2424913645,2.1653497219,0.1516587585,150,19451,19301
4910,1.2427501678,2.1657545567,0.1537538916,150,19451,19301
4920,1.2425746918,2.1641106606,0.1561319530,150,19451,19301
4930,1.2439500093,2.1647744179,0.1576548517,150,19451,19306
4940,1.2426877022,2.1635081768,0.1612970680,150,19451,19306
4950,1.2426552773,2.1633162498,0.1566998661,150,19451,19306
4960,1.2423654795,2.1631751060,0.1586434841,150,19451,19306
4970,1.2434849739,2.1637661457,0.1609665751,150,19451,19306
4980,1.2465496063,2.1642224789,0.1622697860,150,19451,19306
4990,1.2453315258,2.1643536091,0.1632933319,160,19451,19306
5000,1.2455070019,2.1647570133,0.1650130749,160,19451,19306
5010,1.2459864616,2.1649775505,0.1667116880,160,19451,19306
5020,1.2456165552,2.1650485992,0.1683326513,160,19451,19306
5030,1.2461079359,2.1644463539,0.1674471647,163,19451,19306
5040,1.2418967485,2.1628911495,0.1686767638,163,19451,19306
5051,1.2428866625,2.1629159451,0.1717632264,163,19451,19306
5060,1.2415614128,2.1659705639,0.1732131392,163,19451,19306
5070,1.2409657240,2.1654796600,0.1754892766,163,19451,19306
5080,1.2413214445,2.1652112007,0.1760658175,174,19451,19306
5090,1.2408293486,2.1668188572,0.1772349030,174,19451,19306
5100,1.2408516407,2.1665432453,0.1792100668,174,19451,19306
5110,1.2413669825,2.1662960052,0.1808392704,174,19451,19306
5120,1.2396810055,2.1652865410,0.1802799404,177,19451,19306
5130,1.2389395237,2.1654813290,0.1815917790,177,19451,19306
5140,1.2376441956,2.1649858952,0.1830073446,177,19451,19306
5150,1.2373009920,2.1646578312,0.1842814535,177,19451,19306
5160,1.2359218597,2.1639504433,0.1845533550,183,19451,19306
5170,1.2359143496,2.1640882492,0.1859129816,183,19451,19306
5180,1.2354133129,2.1646249294,0.1872964203,183,19467,19306
5190,1.2348773479,2.1649265289,0.1885702461,183,19467,19306
5200,1.2341465950,2.1646389961,0.1897978336,183,19467,19306
5210,1.2342268229,2.1635165215,0.1915882677,191,19467,19306
5220,1.2334239483,2.1631004810,0.1929056346,191,19467,19306
5230,1.2336536646,2.1628572941,0.1941768229,191,19467,19306
5240,1.2313169241,2.1620509624,0.1956604272,191,19467,19306
5250,1.2313131094,2.1622924805,0.1974455714,198,19467,19306
5260,1.2305198908,2.1622235775,0.1989887357,198,19467,19306
5270,1.2299945354,2.1624760628,0.2005084157,198,19467,19306
5280,1.2298446894,2.1625792980,0.2018925250,198,19467,19306
5290,1.2305556536,2.1609320641,0.2035317719,198,19467,19306
5300,1.2304012775,2.1620407104,0.2078649998,210,19467,19306
5310,1.2297471762,2.1614050865,0.2094556391,210,19467,19306
5320,1.2301895618,2.1616027355,0.2110183984,210,19467,19306
5330,1.2297143936,2.1614129543,0.2126374096,210,19467,19306
5340,1.2300608158,2.1604387760,0.2143528461,213,19467,19306
5350,1.2299592495,2.1581466198,0.2161325216,213,19467,19306
5360,1.2298614979,2.1588728428,0.2162896544,213,19467,19306
5370,1.2333925962,2.1590869427,0.2176010311,213,19467,19306
5380,1.2249586582,2.1587326527,0.2239550650,213,19467,19306
5390,1.2247428894,2.1578924656,0.2231751233,219,19467,19306
5400,1.2242221832,2.1575419903,0.2248989791,219,19467,19306
5410,1.2236032486,2.1547307968,0.2264618725,219,19467,19306
5420,1.2236174345,2.1550719738,0.2283801436,219,19467,19306
5430,1.2239342928,2.1559791565,0.2282087952,225,19467,19321
5440,1.2242742777,2.1559004784,0.2298849970,225,19467,19321
5450,1.2243462801,2.1548185349,0.2313524485,225,19467,19321
5460,1.2248008251,2.1543672085,0.2327279001,225,19467,19321
5470,1.2240678072,2.1552593708,0.2340747118,232,19467,19321
5480,1.2241817713,2.1548259258,0.2345723659,232,19467,19321
5490,1.2239248753,2.1541786194,0.2358393520,232,19467,19321
5501,1.2235430479,2.1538710594,0.2373341620,232,19467,19321
5510,1.2246801853,2.1518862247,0.2385673225,232,19467,19321
5520,1.2244445086,2.1508524418,0.2385900766,237,19467,19321
5530,1.2237436771,2.1524493694,0.2400386930,237,19467,19321
5540,1.2234344482,2.1499516964,0.2412963808,237,19467,19321
5550,1.2231086493,2.1514790058,0.2425638735,237,19467,19321
5560,1.2227761745,2.1525206566,0.2421156913,240,19467,19321
5570,1.2233903408,2.1500895023,0.2432026863,240,19467,19321
5580,1.2233364582,2.1519565582,0.2442003638,240,19467,19321
5590,1.2246081829,2.1472442150,0.2455967367,240,19467,19321
5600,1.2246387005,2.1472949982,0.2465808243,240,19467,19321
5610,1.2246868610,2.1464066505,0.2489575446,250,19467,19321
5621,1.2250107527,2.1463427544,0.2499851882,250,19467,19321
5630,1.2247784138,2.1446630955,0.2508205175,250,19467,19321
5640,1.2248002291,2.1443831921,0.2517327070,250,19467,19321
5650,1.2247322798,2.1442675591,0.2530988753,252,19467,19321
5660,1.2250833511,2.1433701515,0.2539262772,252,19467,19321
5670,1.2247458696,2.1431245804,0.2547849715,252,19467,19321
5680,1.2250847816,2.1432685852,0.2556872666,252,19470,19321
5690,1.2249380350,2.1434288025,0.2565145195,254,19470,19321
5700,1.2248201370,2.1436610222,0.2562179267,254,19470,19321
5710,1.2255825996,2.1435542107,0.2569479942,254,19470,19321
5720,1.2275972366,2.1430041790,0.2577518225,254,19470,19321
5730,1.2275791168,2.1426012516,0.2584525347,254,19470,19321
5740,1.2268067598,2.1420991421,0.2593913078,259,19470,19321
5750,1.2273880243,2.1411612034,0.2601155937,259,19470,19321
5760,1.2273764610,2.1398403645,0.2608872056,259,19470,19321
5770,1.2273181677,2.1396260262,0.2616143227,259,19470,19321
5780,1.2270294428,2.1389591694,0.2630401552,264,19470,19321
5790,1.2269735336,2.1395797729,0.2637768388,264,19470,19321
5800,1.2268937826,2.1395330429,0.2644862533,264,19470,19321
5810,1.2277865410,2.1368949413,0.2652427852,264,19470,19321
5820,1.2287514210,2.1396334171,0.2662274837,264,19470,19321
5830,1.2281409502,2.1396145821,0.2668997645,266,19470,19321
5840,1.2282510996,2.1389062405,0.2675874531,266,19470,19321
5850,1.2282598019,2.1389338970,0.2675875723,266,19470,19321
5860,1.2283312082,2.1387538910,0.2682747841,266,19470,19321
5870,1.2281742096,2.1397352219,0.2690288723,269,19470,19321
5880,1.2278938293,2.1388399601,0.2696870267,269,19470,19321
5890,1.2277405262,2.1391654015,0.2703548074,269,19470,19321
5900,1.2282019854,2.1389412880,0.2710267007,269,19470,19321
5910,1.2280941010,2.1387166977,0.2717104852,272,19470,19321
5920,1.2280533314,2.1384685040,0.2722269595,272,19470,19321
5930,1.2292430401,2.1382315159,0.2729554474,272,19470,19329
5940,1.2292988300,2.1378197670,0.2736060619,272,19470,19329
5950,1.2292370796,2.1374866962,0.2742740512,272,19470,19329
5960,1.2284600735,2.1370291710,0.2749838829,275,19470,19329
5970,1.2284020185,2.1368501186,0.2756678760,275,19470,19329
5980,1.2265341282,2.1366400719,0.2763001323,275,19470,19329
5991,1.2285983562,2.1361823082,0.2771476507,275,19470,19329
6000,1.2284433842,2.1363027096,0.2771055102,276,19470,19329
6010,1.2282211781,2.1368591785,0.2777077854,276,19470,19329
6020,1.2305442095,2.1370348930,0.2784207463,276,19470,19329
6030,1.2307304144,2.1364755630,0.2789921761,276,19470,19329
6040,1.2287336588,2.1373157501,0.2797158659,276,19470,19329
6050,1.2294920683,2.1361494064,0.2810815871,282,19470,19329
6060,1.2288130522,2.1362683773,0.2816871107,282,19470,19329
6070,1.2318240404,2.1356635094,0.2823279500,282,19470,19329
6080,1.2289056778,2.1390922070,0.2834115624,282,19470,19329
6090,1.2344987392,2.1415011883,0.2844181061,285,19470,19329
6100,1.2339994907,2.1412634850,0.2852887213,285,19470,19329
6110,1.2339367867,2.1409921646,0.2861506939,285,19470,19329
6120,1.2335839272,2.1405947208,0.2869026363,285,19470,19329
6130,1.2345134020,2.1397871971,0.2875920534,285,19470,19329
6140,1.2339934111,2.1397371292,0.2851056457,280,19470,19329
6150,1.2344664335,2.1404948235,0.2855568528,280,19470,19329
6160,1.2329819202,2.1409575939,0.2859320939,280,19470,19329
6170,1.2325339317,2.1395993233,0.2863622904,280,19470,19329
6180,1.2325080633,2.1394457817,0.2882702351,290,19489,19329
6190,1.2326552868,2.1394062042,0.2887685299,290,19489,19329
6200,1.2328906059,2.1400539875,0.2893059552,290,19489,19329
6210,1.2324584723,2.1379461288,0.2898077369,290,19489,19329
6220,1.2320318222,2.1383056641,0.2901653945,290,19489,19329
6230,1.2318377495,2.1382834911,0.2906685472,290,19489,19329
6241,1.2321369648,2.1368868351,0.2911497355,290,19489,19329
6250,1.2315604687,2.1349444389,0.2915400863,290,19489,19329
6260,1.2310217619,2.1363532543,0.2922886014,290,19489,19329
6270,1.2311438322,2.1348128319,0.2909856141,288,19489,19329
6280,1.2308938503,2.1333608627,0.2913579941,288,19489,19329
6290,1.2314167023,2.1341574192,0.2918139696,288,19489,19329
6300,1.2310156822,2.1344430447,0.2918493748,288,19489,19329
6310,1.2312592268,2.1351010799,0.2924959064,292,19489,19329
6321,1.2310370207,2.1348426342,0.2928805053,292,19489,19329
6330,1.2312527895,2.1355841160,0.2928681374,292,19489,19329
6340,1.2316787243,2.1362729073,0.2932216823,292,19489,19329
6350,1.2312591076,2.1360480785,0.2935984433,292,19489,19329
6360,1.2301687002,2.1303684711,0.2938410342,293,19489,19329
6370,1.2293180227,2.1290531158,0.2941291332,293,19489,19329
6380,1.2287344933,2.1281285286,0.2944429815,293,19489,19329
6390,1.2289739847,2.1280958652,0.2949628830,293,19489,19329
6400,1.2292556763,2.1284132004,0.2945103347,293,19489,19329
6410,1.2292633057,2.1290965080,0.2949545383,293,19489,19329
6420,1.2291015387,2.1267504692,0.2952568233,293,19489,19329
6430,1.2289333344,2.1281027794,0.2956955433,293,19489,19340
6440,1.2293671370,2.1276769638,0.2960535884,293,19489,19340
6450,1.2282009125,2.1285262108,0.2974706888,299,19489,19340
6460,1.2292020321,2.1263957024,0.2980311811,299,19489,19340
6470,1.2278405428,2.1266117096,0.2984939218,299,19489,19340
6480,1.2279566526,2.1243770123,0.2989911735,299,19489,19340
6490,1.2280497551,2.1230850220,0.2996271253,300,19489,19340
6500,1.2286325693,2.1220700741,0.3000963330,300,19489,19340
6510,1.2291548252,2.1229536533,0.3005843461,300,19489,19340
6520,1.2284611464,2.1226341724,0.3010698259,300,19489,19340
6530,1.2283414602,2.1216962337,0.3016934395,302,19489,19340
6540,1.2286360264,2.1216344833,0.3022085428,302,19489,19340
6550,1.2287886143,2.1192269325,0.3026832938,302,19489,19340
6560,1.2281967402,2.1203866005,0.3031824529,302,19489,19340
6570,1.2279669046,2.1208705902,0.3036561608,302,19489,19340
6580,1.2281912565,2.1210052967,0.3040410280,304,19489,19340
6590,1.2280704975,2.1212077141,0.3045007586,304,19489,19340
6600,1.2278599739,2.1211819649,0.3049710989,304,19489,19340
6610,1.2284940481,2.1207399368,0.3055059910,304,19489,19340
6620,1.2278798819,2.1196122169,0.3055938780,305,19489,19340
6630,1.2278461456,2.1189208031,0.3060669899,305,19489,19340
6640,1.2271248102,2.1183583736,0.3065275848,305,19489,19340
6650,1.2270376682,2.1179676056,0.3069562614,305,19489,19340
6660,1.2270841599,2.1175913811,0.3073845506,305,19489,19340
6670,1.2272503376,2.1167123318,0.3076570034,307,19489,19340
6680,1.2265832424,2.1171190739,0.3080938756,307,19498,19340
6690,1.2269539833,2.1173100471,0.3085247874,307,19498,19340
6700,1.2271018028,2.1176056862,0.3089276850,307,19498,19340
6710,1.2271847725,2.1189255714,0.3099974394,311,19498,19340
6720,1.2274491787,2.1184029579,0.3104435503,311,19498,19340
6730,1.2284057140,2.1184716225,0.3109297454,311,19498,19340
6740,1.2281918526,2.1181912422,0.3113348484,311,19498,19340
6750,1.2281184196,2.1177260876,0.3118446171,312,19498,19340
6760,1.2277104855,2.1171245575,0.3122432530,312,19498,19340
6771,1.2272850275,2.1164529324,0.3126291335,312,19498,19340
6780,1.2273194790,2.1161947250,0.3129900098,312,19498,19340
6790,1.2270663977,2.1153726578,0.3133687079,312,19498,19340
6800,1.2269635201,2.1175072193,0.3135460615,313,19498,19340
6810,1.2271023989,2.1160645485,0.3139034510,313,19498,19340
6820,1.2280479670,2.1155884266,0.3142489493,313,19498,19340
6830,1.2282673120,2.1159896851,0.3146059215,313,19498,19340
6840,1.2290176153,2.1157162189,0.3165090680,319,19498,19340
6850,1.2283765078,2.1159842014,0.3170193434,319,19498,19340
6860,1.2288717031,2.1165747643,0.3174044192,319,19498,19340
6870,1.2290660143,2.1170194149,0.3178278506,319,19498,19340
6880,1.2295548916,2.1168379784,0.3182479441,319,19498,19340
6890,1.2291284800,2.1164698601,0.3183799088,318,19498,19340
6900,1.2288055420,2.1160964966,0.3187581599,318,19498,19340
6910,1.2287880182,2.1179406643,0.3191337585,318,19498,19340
6920,1.2301217318,2.1152448654,0.3195996881,318,19498,19340
6930,1.2294254303,2.1181247234,0.3216281533,324,19498,19341
6940,1.2296260595,2.1148669720,0.3221268058,324,19498,19341
6950,1.2306038141,2.1146225929,0.3224981725,324,19498,19341
6960,1.2283478975,2.1182219982,0.3231599927,324,19498,19341
6970,1.2284686565,2.1218035221,0.3233835399,324,19498,19341
6980,1.2292279005,2.1220123768,0.3240395784,324,19498,19341
6990,1.2292881012,2.1150736809,0.3251332045,324,19498,19341
7000,1.2293219566,2.1220011711,0.3260929286,324,19498,19341
7010,1.2300536633,2.1214053631,0.3266153038,324,19498,19341
7020,1.2314270735,2.1185693741,0.3254898787,323,19498,19341
7030,1.2315136194,2.1201555729,0.3258529305,323,19498,19341
7040,1.2285958529,2.1192414761,0.3263636231,323,19498,19341
7050,1.2295378447,2.1185495853,0.3266397417,323,19498,19341
7060,1.2300947905,2.1179962158,0.3268884122,325,19498,19341
7070,1.2298192978,2.1174221039,0.3263280094,325,19498,19341
7080,1.2303891182,2.1173837185,0.3265081942,325,19498,19341
7090,1.2301232815,2.1175236702,0.3266941607,325,19498,19341
7100,1.2311782837,2.1179385185,0.3269163966,325,19498,19341
7110,1.2312927246,2.1190192699,0.3266199827,326,19498,19341
7120,1.2327111959,2.1201691628,0.3266879022,326,19498,19341
7130,1.2321864367,2.1190991402,0.3268832862,326,19498,19341
7141,1.2327396870,2.1186916828,0.3270206153,326,19498,19341
7150,1.2327873707,2.1193418503,0.3255072832,323,19498,19341
7160,1.2316750288,2.1180481911,0.3255778551,323,19498,19341
7170,1.2318725586,2.1194186211,0.3256455958,323,19498,19341
7180,1.2325171232,2.1166651249,0.3258231580,323,19514,19341
7190,1.2318733931,2.1184794903,0.3259904981,323,19514,19341
7200,1.2317461967,2.1186196804,0.3251851797,324,19514,19341
7210,1.2315889597,2.1185889244,0.3252183795,324,19514,19341
7220,1.2305339575,2.1181619167,0.3252270222,324,19514,19341
7230,1.2304701805,2.1187090874,0.3252587020,324,19514,19341
7240,1.2305896282,2.1188852787,0.3243960142,323,19514,19341
7250,1.2315789461,2.1195669174,0.3243594468,323,19514,19341
7260,1.2318217754,2.1171989441,0.3243776262,323,19514,19341
7270,1.2313740253,2.1195828915,0.3245660365,323,19514,19341
7280,1.2314867973,2.1194071770,0.3245582879,323,19514,19341
7290,1.2310459614,2.1173996925,0.3251911700,326,19514,19341
7300,1.2314742804,2.1174864769,0.3252719641,326,19514,19341
7310,1.2309629917,2.1184511185,0.3253548741,326,19514,19341
7320,1.2310342789,2.1189155579,0.3254689574,326,19514,19341
7330,1.2316346169,2.1182081699,0.3258302510,326,19514,19341
7340,1.2319552898,2.1185662746,0.3259578943,326,19514,19341
7350,1.2319777012,2.1169645786,0.3261007369,326,19514,19341
7360,1.2317888737,2.1166744232,0.3262524605,326,19514,19341
7370,1.2319178581,2.1180870533,0.3264639676,327,19514,19341
7380,1.2313748598,2.1181030273,0.3268680871,327,19514,19341
7390,1.2322663069,2.1179313660,0.3270142376,327,19514,19341
7400,1.2321919203,2.1156203747,0.3272542953,327,19514,19341
7410,1.2311788797,2.1157436371,0.3274726868,327,19514,19341
7420,1.2313332558,2.1157655716,0.3286870718,330,19514,19341
7430,1.2308906317,2.1155712605,0.3289149702,330,19514,19364
7440,1.2314792871,2.1158349514,0.3291940689,330,19514,19364
7450,1.2312914133,2.1150457859,0.3294361234,330,19514,19364
7460,1.2313321829,2.1150534153,0.3294818103,329,19514,19364
7470,1.2313572168,2.1150949001,0.3296662867,329,19514,19364
7480,1.2313733101,2.1148726940,0.3298388422,329,19514,19364
7490,1.2330741882,2.1147515774,0.3300169408,329,19514,19364
7500,1.2323322296,2.1158053875,0.3301627338,328,19514,19364
7510,1.2321820259,2.1127247810,0.3294042051,328,19514,19364
7520,1.2328808308,2.1128149033,0.3295719624,328,19514,19364
7530,1.2327095270,2.1128747463,0.3295791447,328,19514,19364
7540,1.2329823971,2.1135156155,0.3297277391,328,19514,19364
7551,1.2329397202,2.1149311066,0.3295162022,329,19514,19364
7560,1.2331361771,2.1146931648,0.3296316564,329,19514,19364
7570,1.2335252762,2.1143279076,0.3297407031,329,19514,19364
7580,1.2334238291,2.1145112514,0.3298540413,329,19514,19364
7590,1.2347474098,2.1130678654,0.3319408298,335,19514,19364
7600,1.2348462343,2.1117467880,0.3321360648,335,19514,19364
7610,1.2338485718,2.1140770912,0.3325712979,335,19514,19364
7620,1.2337713242,2.1167612076,0.3327875137,335,19514,19364
7631,1.2392412424,2.1156568527,0.3331668973,335,19514,19364
7640,1.2397135496,2.1159636974,0.3336797059,334,19514,19364
7650,1.2399863005,2.1155002117,0.3340385258,334,19514,19364
7660,1.2397427559,2.1149251461,0.3344334364,334,19514,19364
7670,1.2387605906,2.1150929928,0.3348197937,334,19514,19364
7680,1.2396787405,2.1160514355,0.3346697986,334,19514,19364
7690,1.2387862206,2.1161940098,0.3350217640,334,19514,19364
7700,1.2391704321,2.1148426533,0.3353401124,334,19514,19364
7710,1.2384454012,2.1149666309,0.3356190026,334,19514,19364
7720,1.2388011217,2.1132967472,0.3359145522,331,19514,19364
7730,1.2395669222,2.1148788929,0.3342381418,331,19514,19364
7740,1.2397837639,2.1150944233,0.3343932927,331,19514,19364
7750,1.2394655943,2.1144521236,0.3345568180,331,19514,19364
7760,1.2399359941,2.1145410538,0.3346923590,331,19514,19364
7770,1.2403162718,2.1154541969,0.3349063396,335,19514,19364
7780,1.2406038046,2.1146097183,0.3349641860,335,19514,19364
7790,1.2408032417,2.1152417660,0.3350050449,335,19514,19364
7800,1.2406475544,2.1153216362,0.3350650370,335,19514,19364
7810,1.2406756878,2.1158404350,0.3351268768,333,19514,19364
7820,1.2403266430,2.1150963306,0.3342260718,333,19514,19364
7830,1.2400679588,2.1150419712,0.3341951966,333,19514,19364
7840,1.2399826050,2.1149446964,0.3341626525,333,19514,19364
7850,1.2399933338,2.1147239208,0.3341348171,333,19514,19364
7860,1.2411292791,2.1153805256,0.3340873718,334,19514,19364
7870,1.2416075468,2.1144440174,0.3340992630,334,19514,19364
7880,1.2416695356,2.1137707233,0.3340582252,334,19514,19364
7890,1.2418903112,2.1147291660,0.3340232968,334,19514,19364
7900,1.2420438528,2.1147763729,0.3348534703,336,19514,19364
7910,1.2423661947,2.1151700020,0.3349588513,336,19514,19364
7920,1.2418128252,2.1145434380,0.3350817859,336,19514,19364
7930,1.2416683435,2.1147034168,0.3352059126,336,19514,19371
7940,1.2415683270,2.1148488522,0.3353551328,336,19514,19371
7950,1.2412097454,2.1139478683,0.3357804716,336,19514,19371
7960,1.2415674925,2.1147000790,0.3359745741,336,19514,19371
7970,1.2423087358,2.1139318943,0.3361552656,336,19514,19371
7980,1.2426469326,2.1148006916,0.3363590240,336,19514,19371
7990,1.2437247038,2.1154334545,0.3368225396,337,19514,19371
8000,1.2437903881,2.1143009663,0.3370217383,337,19514,19371
8010,1.2437586784,2.1145377159,0.3372100890,337,19514,19371
8020,1.2438843250,2.1144788265,0.3373784423,337,19514,19371
8030,1.2433129549,2.1145374775,0.3375098109,338,19514,19371
8040,1.2433246374,2.1135904789,0.3378897607,338,19514,19371
8050,1.2439136505,2.1117148399,0.3380572498,338,19514,19371
8060,1.2438448668,2.1142549515,0.3383792639,338,19514,19371
8070,1.2439485788,2.1143667698,0.3385379016,338,19514,19371
8080,1.2440865040,2.1120660305,0.3384813070,338,19514,19371
8090,1.2441760302,2.1122424603,0.3386350572,338,19514,19371
8100,1.2436019182,2.1120703220,0.3387951553,338,19514,19371
8110,1.2437331676,2.1121766567,0.3389402926,338,19514,19371
8120,1.2434800863,2.1120128632,0.3390499949,334,19514,19371
8130,1.2430791855,2.1119837761,0.3369517326,334,19514,19371
8140,1.2431801558,2.1121025085,0.3369604051,334,19514,19371
8150,1.2430636883,2.1113812923,0.3369487226,334,19514,19371
8160,1.2431625128,2.1113526821,0.3369178176,334,19514,19371
8170,1.2421462536,2.1111631393,0.3373445868,338,19514,19371
8180,1.2420117855,2.1106381416,0.3373011649,338,19527,19371
8190,1.2421292067,2.1102676392,0.3372420371,338,19527,19371
8200,1.2419750690,2.1100647449,0.3371677101,338,19527,19371
8210,1.2421634197,2.1099772453,0.3366219699,336,19527,19371
8220,1.2420063019,2.1094727516,0.3364906013,336,19527,19371
8230,1.2412725687,2.1091439724,0.3364136815,336,19527,19371
8240,1.2418562174,2.1098103523,0.3362564743,336,19527,19371
8250,1.2415643930,2.1101455688,0.3361323476,337,19527,19371
8260,1.2416573763,2.1101229191,0.3364002407,337,19527,19371
8270,1.2415013313,2.1102147102,0.3363416791,337,19527,19371
8280,1.2414392233,2.1100046635,0.3363209367,337,19527,19371
8290,1.2414436340,2.1096224785,0.3363197744,337,19527,19371
8300,1.2425339222,2.1090407372,0.3370297253,338,19527,19371
8310,1.2428866625,2.1089048386,0.3370535374,338,19527,19371
8320,1.2428826094,2.1085186005,0.3370936811,338,19527,19371
8330,1.2421404123,2.1082427502,0.3372463584,338,19527,19371
8340,1.2419278622,2.1084210873,0.3371550143,337,19527,19371
8350,1.2419126034,2.1087410450,0.3372439444,337,19527,19371
8360,1.2420045137,2.1090245247,0.3373343945,337,19527,19371
8370,1.2428971529,2.1096127033,0.3374848068,337,19527,19371
8380,1.2425425053,2.1104321480,0.3375017643,337,19527,19371
8390,1.2422934771,2.1103787422,0.3372810483,337,19527,19371
8400,1.2422267199,2.1100931168,0.3374158740,337,19527,19371
8410,1.2421662807,2.1097476482,0.3374242783,337,19527,19371
8420,1.2411910295,2.1093420982,0.3375250399,337,19527,19371
8430,1.2418506145,2.1086983681,0.3381611109,339,19527,19374
8440,1.2420022488,2.1083123684,0.3382689953,339,19527,19374
8450,1.2427002192,2.1080546379,0.3383715749,339,19527,19374
8460,1.2428095341,2.1080653667,0.3384870291,339,19527,19374
8470,1.2427685261,2.1082055569,0.3386138678,339,19527,19374
8480,1.2426820993,2.1087818146,0.3384210467,338,19527,19374
8490,1.2429413795,2.1091091633,0.3385113180,338,19527,19374
8500,1.2423806190,2.1101191044,0.3385483921,338,19527,19374
8510,1.2423592806,2.1107201576,0.3386097550,338,19527,19374
8520,1.2431222200,2.1109113693,0.3388040960,339,19527,19374
8530,1.2431967258,2.1106319427,0.3388752341,339,19527,19374
8540,1.2429786921,2.1104047298,0.3389820755,339,19527,19374
8550,1.2434555292,2.1107020378,0.3390653729,339,19527,19374
8560,1.2431801558,2.1096827984,0.3379167616,336,19527,19374
8570,1.2431513071,2.1091213226,0.3379350305,336,19527,19374
8580,1.2431466579,2.1094517708,0.3379847705,336,19527,19374
8590,1.2430920601,2.1092903614,0.3380123079,336,19527,19374
8600,1.2430313826,2.1093623638,0.3380412161,336,19527,19374
8610,1.2442826033,2.1096837521,0.3376504183,337,19527,19374
8620,1.2433645725,2.1099352837,0.3376822472,337,19527,19374
8630,1.2434626818,2.1099433899,0.3376766443,337,19527,19374
8640,1.2440847158,2.1105442047,0.3376294672,337,19527,19374
8650,1.2440706491,2.1099722385,0.3373980224,337,19527,19374
8660,1.2440485954,2.1100304127,0.3373891115,337,19527,19374
8670,1.2437762022,2.1090397835,0.3374187052,337,19527,19374
8680,1.2441549301,2.1091687679,0.3374136388,337,19531,19374
8690,1.2448431253,2.1084151268,0.3374449909,340,19531,19374
8700,1.2447990179,2.1088171005,0.3385910392,340,19531,19374
8710,1.2453080416,2.1091439724,0.3387174904,340,19531,19374
8720,1.2455630302,2.1090717316,0.3389279246,340,19531,19374
8730,1.2455687523,2.1101024151,0.3391209543,340,19531,19374
8740,1.2453303337,2.1101102829,0.3391718268,339,19531,19374
8750,1.2453652620,2.1110112667,0.3392970562,339,19531,19374
8760,1.2454432249,2.1114003658,0.3394640386,339,19531,19374
8770,1.2455708981,2.1116805077,0.3396195769,339,19531,19374
8780,1.2448785305,2.1110529900,0.3386975825,337,19531,19374
8790,1.2457139492,2.1107428074,0.3387838900,337,19531,19374
8800,1.2476627827,2.1105301380,0.3388582170,337,19531,19374
8810,1.2469192743,2.1102614403,0.3389689922,337,19531,19374
8820,1.2474040985,2.1106572151,0.3390323818,337,19531,19374
8830,1.2471615076,2.1103742123,0.3390712440,339,19531,19374
8840,1.2469717264,2.1101529598,0.3391270638,339,19531,19374
8850,1.2471297979,2.1101620197,0.3391478658,339,19531,19374
8860,1.2477793694,2.1102185249,0.3391872942,339,19531,19374
8870,1.2476655245,2.1102328300,0.3403696716,342,19531,19374
8880,1.2474313974,2.1104292870,0.3404790461,342,19531,19374
8890,1.2485197783,2.1101422310,0.3406047225,342,19531,19374
8900,1.2484287024,2.1104209423,0.3406610191,342,19531,19374
8910,1.2495409250,2.1105835438,0.3407276571,342,19531,19374
8920,1.2493062019,2.1111857891,0.3404349685,340,19531,19374
8930,1.2492928505,2.1112291813,0.3404264450,340,19531,19386
8940,1.2492036819,2.1112170219,0.3404008448,340,19531,19386
8950,1.2489882708,2.1112902164,0.3403741419,340,19531,19386
8960,1.2502561808,2.1108446121,0.3410195410,342,19531,19386
8970,1.2503176928,2.1105756760,0.3410286307,342,19531,19386
8980,1.2497080564,2.1109209061,0.3410233557,342,19531,19386
8990,1.2496715784,2.1105692387,0.3410177231,342,19531,19386
9000,1.2495908737,2.1104297638,0.3393032849,337,19531,19386
9010,1.2491190434,2.1100909710,0.3392112851,337,19531,19386
9020,1.2480112314,2.1097872257,0.3390676677,337,19531,19386
9031,1.2494039536,2.1100075245,0.3389881849,337,19531,19386
9040,1.2492256165,2.1095733643,0.3388844728,337,19531,19386
9050,1.2498589754,2.1083235741,0.3396421969,341,19531,19386
9060,1.2497167587,2.1085965633,0.3395959437,341,19531,19386
9070,1.2496597767,2.1084136963,0.3395373523,341,19531,19386
9080,1.2494939566,2.1084954739,0.3394740820,341,19531,19386
9090,1.2495379448,2.1083588600,0.3393947482,338,19531,19386
9100,1.2496601343,2.1079523563,0.3386917114,338,19531,19386
9110,1.2496044636,2.1080830097,0.3385985792,338,19531,19386
9120,1.2499320507,2.1080691814,0.3385030627,338,19531,19386
9130,1.2499810457,2.1078901291,0.3384232223,338,19531,19386
9140,1.2508883476,2.1080257893,0.3394035995,341,19531,19386
9150,1.2510608435,2.1076304913,0.3394016623,341,19531,19386
9160,1.2512974739,2.1079609394,0.3394137323,341,19531,19386
9170,1.2519611120,2.1087799072,0.3393977880,341,19531,19386
9181,1.2518194914,2.1088175774,0.3404984474,342,19541,19386
9190,1.2509456873,2.1093556881,0.3405123949,342,19541,19386
9200,1.2509366274,2.1098983288,0.3405292630,342,19541,19386
9210,1.2517380714,2.1096875668,0.3405809700,342,19541,19386
9220,1.2516821623,2.1098928452,0.3405991197,342,19541,19386
9231,1.2521198988,2.1096079350,0.3399727046,339,19541,19386
9240,1.2522153854,2.1095714569,0.3399684727,339,19541,19386
9250,1.2528034449,2.1100721359,0.3399501443,339,19541,19386
9260,1.2528936863,2.1100075245,0.3400125504,339,19541,19386
9270,1.2524507046,2.1108748913,0.3404257298,341,19541,19386
9280,1.2526795864,2.1113474369,0.3404926360,341,19541,19386
9290,1.2521789074,2.1121814251,0.3404487073,341,19541,19386
9301,1.2520046234,2.1120412350,0.3406050801,341,19541,19386
9310,1.2514003515,2.1120858192,0.3412417769,342,19541,19386
9320,1.2513077259,2.1120765209,0.3413752913,342,19541,19386
9330,1.2512609959,2.1124539375,0.3415039480,342,19541,19386
9340,1.2515362501,2.1122498512,0.3415136635,342,19541,19386
9350,1.2514899969,2.1121990681,0.3416281641,342,19541,19386
9361,1.2518329620,2.1118643284,0.3427762687,344,19541,19386
9370,1.2518366575,2.1110801697,0.3428938389,344,19541,19386
9380,1.2516825199,2.1107506752,0.3428733051,344,19541,19386
9390,1.2520469427,2.1103565693,0.3429859579,344,19541,19386
9400,1.2513860464,2.1103723049,0.3434869647,344,19541,19386
9410,1.2513384819,2.1102528572,0.3436243832,344,19541,19386
9420,1.2502142191,2.1108489037,0.3437168598,344,19541,19386
9430,1.2501063347,2.1114480495,0.3438112140,344,19541,19400
9440,1.2500220537,2.1121225357,0.3439057171,340,19541,19400
9450,1.2508846521,2.1127710342,0.3423218429,340,19541,19400
9460,1.2507054806,2.1133337021,0.3422259390,340,19541,19400
9470,1.2511086464,2.1137735844,0.3420966566,340,19541,19400
9481,1.2513302565,2.1133828163,0.3418855965,340,19541,19400
9490,1.2516199350,2.1144013405,0.3419274390,342,19541,19400
9500,1.2513114214,2.1129860878,0.3418228924,342,19541,19400
9510,1.2511880398,2.1125760078,0.3417033255,342,19541,19400
9520,1.2509245872,2.1121599674,0.3416047096,342,19541,19400
9530,1.2508641481,2.1116962433,0.3415085375,344,19541,19400
9540,1.2516876459,2.1120302677,0.3424832523,344,19541,19400
9550,1.2513355017,2.1119232178,0.3424636424,344,19541,19400
9560,1.2515318394,2.1124780178,0.3424707949,344,19541,19400
9570,1.2518548965,2.1109974384,0.3425132334,344,19541,19400
9580,1.2517970800,2.1101846695,0.3427067399,343,19541,19400
9590,1.2514153719,2.1058692932,0.3424779475,343,19541,19400
9600,1.2514499426,2.1050772667,0.3424491584,343,19541,19400
9610,1.2515228987,2.1067371368,0.3426978588,343,19541,19400
9620,1.2506809235,2.1052377224,0.3415867388,340,19541,19400
9630,1.2508801222,2.1044523716,0.3415125310,340,19541,19400
9640,1.2511322498,2.1045351028,0.3414730132,340,19541,19400
9650,1.2504212856,2.1050083637,0.3414070606,340,19541,19400
9662,1.2515066862,2.1064772606,0.3412892818,343,19541,19400
9670,1.2514929771,2.1068825722,0.3418904245,343,19541,19400
9680,1.2514353991,2.1067688465,0.3417835832,343,19556,19400
9690,1.2512046099,2.1071617603,0.3416700065,343,19556,19400
9700,1.2512099743,2.1071352959,0.3415839672,343,19556,19400
9710,1.2511044741,2.1061120033,0.3417190015,342,19556,19400
9721,1.2516068220,2.1050188541,0.3415522873,342,19556,19400
9731,1.2514468431,2.1045448780,0.3415232897,342,19556,19400
9742,1.2511905432,2.1047122478,0.3414501250,342,19556,19400
9750,1.2511321306,2.1045391560,0.3413704634,342,19556,19400
9760,1.2512543201,2.1042511463,0.3415491879,342,19556,19400
9771,1.2513988018,2.1044149399,0.3414824009,342,19556,19400
9781,1.2515000105,2.1046521664,0.3414324224,342,19556,19400
9790,1.2513918877,2.1053302288,0.3413830400,342,19556,19400
9800,1.2513358593,2.1053011417,0.3411911726,341,19556,19400
9811,1.2500387430,2.1057949066,0.3410551250,341,19556,19400
9821,1.2496041059,2.1060085297,0.3410003483,341,19556,19400
9830,1.2501653433,2.1057548523,0.3409243226,341,19556,19400
9840,1.2499130964,2.1057367325,0.3408927619,341,19556,19400
9851,1.2496192455,2.1051402092,0.3408137560,341,19556,19400
9861,1.2491631508,2.1054053307,0.3407177329,341,19556,19400
9870,1.2492184639,2.1055030823,0.3406488895,341,19556,19400
9880,1.2501368523,2.1056087017,0.3405826986,341,19556,19400
9891,1.2503796816,2.1082262993,0.3384686410,336,19556,19400
9900,1.2506613731,2.1082262993,0.3384686410,336,19556,19400
9912,1.2506219149,2.1057844162,0.3383486569,336,19556,19400
9920,1.2509499788,2.1057496071,0.3381394744,336,19556,19400
9931,1.2508887053,2.1090269089,0.3384353518,339,19556,19405
9940,1.2510950565,2.1092128754,0.3382943273,339,19556,19405
9951,1.2507297993,2.1091666222,0.3381520510,339,19556,19405
9961,1.2499332428,2.1097693443,0.3379656374,339,19556,19405
9971,1.2495430708,2.1102571487,0.3370814919,336,19556,19405
9980,1.2497361898,2.1104662418,0.3369079828,336,19556,19405
9990,1.2503763437,2.1101784706,0.3367552757,336,19556,19405
10001,1.2509605885,2.1095852852,0.3365719318,336,19556,19405
10011,1.2515189648,2.1098785400,0.3363878429,336,19556,19405
10020,1.2516231537,2.1100873947,0.3369612992,338,19556,19405
10032,1.2520575523,2.1093845367,0.3368278146,338,19556,19405
10042,1.2513318062,2.1095781326,0.3367062509,338,19556,19405
10051,1.2513414621,2.1095001698,0.3365986645,338,19556,19405
10061,1.2503132820,2.1095209122,0.3346495032,332,19556,19405
10071,1.2500625849,2.1113567352,0.3344469666,332,19556,19405
10082,1.2502181530,2.1110396385,0.3340871632,332,19556,19405
10092,1.2502181530,2.1110396385,0.3340871632,332,19556,19405
10101,1.2506529093,2.1110589504,0.3339068592,339,19556,19405
10112,1.2505661249,2.1111724377,0.3358472884,339,19556,19405
10122,1.2504407167,2.1114485264,0.3358065486,339,19556,19405
10131,1.2504633665,2.1116628647,0.3357736766,339,19556,19405
10142,1.2506490946,2.1114883423,0.3357373178,339,19556,19405
10151,1.2506481409,2.1114904881,0.3362510204,337,19556,19405
10162,1.2504162788,2.1108138561,0.3362476826,337,19556,19405
10171,1.2502577305,2.1108064651,0.3362695277,337,19556,19405
10181,1.2497582436,2.1101231575,0.3362475932,337,19561,19405
10192,1.2497276068,2.1102867126,0.3353866041,334,19561,19405
10201,1.2493321896,2.1103999615,0.3353540301,334,19561,19405
10212,1.2494162321,2.1105725765,0.3353313804,334,19561,19405
10222,1.2491505146,2.1106333733,0.3353450894,334,19561,19405
10230,1.2492444515,2.1112265587,0.3353193104,334,19561,19405
10241,1.2493566275,2.1111943722,0.3364333510,338,19561,19405
10252,1.2492808104,2.1112391949,0.3365402520,338,19561,19405
10260,1.2495672703,2.1113431454,0.3366601467,338,19561,19405
10270,1.2500211000,2.1109921932,0.3367408216,338,19561,19405
10280,1.2504596710,2.1106328964,0.3384995759,341,19561,19405
10290,1.2496865988,2.1120724678,0.3386722505,341,19561,19405
10300,1.2503410578,2.1115443707,0.3388149738,341,19561,19405
10310,1.2504334450,2.1114265919,0.3389628530,341,19561,19405
10321,1.2497177124,2.1119053364,0.3390887678,339,19561,19405
10331,1.2497004271,2.1120252609,0.3391911685,339,19561,19405
10340,1.2494949102,2.1127817631,0.3393018246,339,19561,19405
10351,1.2506048679,2.1130011082,0.3393616378,339,19561,19405
10360,1.2507772446,2.1131415367,0.3394458592,339,19561,19405
10371,1.2502557039,2.1129634380,0.3384886682,337,19561,19405
10380,1.2505770922,2.1130454540,0.3384765089,337,19561,19405
10390,1.2503099442,2.1130852699,0.3384518027,337,19561,19405
10401,1.2512692213,2.1131551266,0.3384558558,337,19561,19405
10411,1.2511522770,2.1134312153,0.3378409743,337,19561,19405
10420,1.2502732277,2.1120045185,0.3377594054,337,19561,19405
10430,1.2502388954,2.1118292809,0.3376860321,337,19561,19413
10440,1.2499663830,2.1134104729,0.3376495838,337,19561,19413
10452,1.2494050264,2.1142120361,0.3375143707,339,19561,19413
10460,1.2495743036,2.1144561768,0.3380799890,339,19561,19413
10470,1.2497981787,2.1144876480,0.3380309343,339,19561,19413
10481,1.2508317232,2.1141402721,0.3379346728,339,19561,19413
10491,1.2495702505,2.1137454510,0.3378759325,339,19561,19413
10500,1.2501239777,2.1140158176,0.3375029564,337,19561,19413
10510,1.2500633001,2.1139996052,0.3374649584,337,19561,19413
10520,1.2495797873,2.1145300865,0.3373898566,337,19561,19413
10531,1.2498085499,2.1151225567,0.3372629583,337,19561,19413
10540,1.2495315075,2.1146831512,0.3371806145,339,19561,19413
10551,1.2495514154,2.1150832176,0.3378235698,339,19561,19413
10561,1.2494400740,2.1151111126,0.3377586901,339,19561,19413
10572,1.2491097450,2.1166234016,0.3377592266,339,19561,19413
10582,1.2491611242,2.1160442829,0.3377134204,339,19561,19413
10590,1.2486394644,2.1159281731,0.3386695981,340,19561,19413
10602,1.2488130331,2.1163213253,0.3387038708,340,19561,19413
10610,1.2486370802,2.1163725853,0.3387614489,340,19561,19413
10621,1.2483947277,2.1162409782,0.3387817442,340,19561,19413
10633,1.2494939566,2.1161713600,0.3376581669,336,19561,19413
10640,1.2490825653,2.1159083843,0.3376542032,336,19561,19413
10650,1.2495995760,2.1156783104,0.3375551701,336,19561,19413
10660,1.2494591475,2.1147363186,0.3374519646,336,19561,19413
10670,1.2493665218,2.1148216724,0.3373432159,336,19561,19413
10680,1.2492408752,2.1155104637,0.3367519379,336,19564,19413
10690,1.2491993904,2.1158394814,0.3366185725,336,19564,19413
10700,1.2489500046,2.1167483330,0.3364843428,336,19564,19413
10710,1.2490937710,2.1175959110,0.3362998366,336,19564,19413
10720,1.2494378090,2.1151897907,0.3357572854,335,19564,19413
10730,1.2494196892,2.1145334244,0.3355811536,335,19564,19413
10740,1.2505613565,2.1150021553,0.3354304135,335,19564,19413
10750,1.2505803108,2.1148304939,0.3352806568,335,19564,19413
10760,1.2505251169,2.1149458885,0.3351483643,335,19564,19413
10770,1.2505053282,2.1152441502,0.3349137604,335,19564,19413
10780,1.2508558035,2.1153571606,0.3347185850,335,19564,19413
10790,1.2510750294,2.1157758236,0.3345208168,335,19564,19413
10800,1.2500572205,2.1159849167,0.3343279660,335,19564,19413
10810,1.2499315739,2.1160435677,0.3340752125,334,19564,19413
10820,1.2497863770,2.1161932945,0.3339047432,334,19564,19413
10830,1.2496101856,2.1162972450,0.3337511718,334,19564,19413
10840,1.2491555214,2.1164443493,0.3336330354,334,19564,19413
10850,1.2490366697,2.1162965298,0.3334949911,335,19564,19413
10860,1.2496906519,2.1160244942,0.3339789212,335,19564,19413
10870,1.2495609522,2.1157155037,0.3338730335,335,19564,19413
10880,1.2495141029,2.1154463291,0.3337488174,335,19564,19413
10890,1.2496155500,2.1149396896,0.3336301446,335,19564,19413
10900,1.2503669262,2.1151628494,0.3328376114,332,19564,19413
10910,1.2502019405,2.1148161888,0.3327029049,332,19564,19413
10920,1.2502838373,2.1148123741,0.3325724900,332,19564,19413
10930,1.2500129938,2.1150734425,0.3324526548,332,19564,19429
10940,1.2499878407,2.1153473854,0.3325988650,333,19564,19429
10950,1.2497992516,2.1161611080,0.3324833214,333,19564,19429
10960,1.2492170334,2.1160724163,0.3323818445,333,19564,19429
10970,1.2496926785,2.1165454388,0.3322731853,333,19564,19429
10980,1.2495344877,2.1156246662,0.3322182298,338,19564,19429
10990,1.2487823963,2.1158301830,0.3345180154,338,19564,19429
11000,1.2492139339,2.1161434650,0.3346153200,338,19564,19429
11010,1.2492083311,2.1156952381,0.3346920311,338,19564,19429
11020,1.2493711710,2.1153411865,0.3347439766,338,19564,19429
11030,1.2499148846,2.1155714989,0.3357438445,337,19564,19429
11040,1.2497839928,2.1159482002,0.3358301222,337,19564,19429
11050,1.2494224310,2.1166441441,0.3359547853,337,19564,19429
11060,1.2499628067,2.1166422367,0.3361785114,337,19564,19429
11070,1.2498648167,2.1170642376,0.3361665010,336,19564,19429
11080,1.2494933605,2.1170084476,0.3363030851,336,19564,19429
11090,1.2494312525,2.1171565056,0.3364220560,336,19564,19429
11100,1.2503781319,2.1170356274,0.3365588486,336,19564,19429
11110,1.2505301237,2.1167879105,0.3366853893,336,19564,19429
11120,1.2507071495,2.1164181232,0.3352237642,333,19564,19429
11130,1.2504042387,2.1157274246,0.3352380395,333,19564,19429
11140,1.2505115271,2.1152920723,0.3352081180,333,19564,19429
11150,1.2501695156,2.1147816181,0.3351835608,333,19564,19429
11160,1.2499467134,2.1146554947,0.3354990482,336,19564,19429
11170,1.2505198717,2.1155927181,0.3355028331,336,19564,19429
11180,1.2502801418,2.1158988476,0.3354551792,336,19576,19429
11190,1.2500177622,2.1163859367,0.3353944421,336,19576,19429
11200,1.2497894764,2.1168687344,0.3353227377,333,19576,19429
11210,1.2494120598,2.1171565056,0.3342162967,333,19576,19429
11220,1.2502224445,2.1164343357,0.3342520893,333,19576,19429
11230,1.2502381802,2.1159603596,0.3341072500,333,19576,19429
11240,1.2498134375,2.1157798767,0.3339211643,333,19576,19429
11250,1.2503409386,2.1152803898,0.3333224356,333,19576,19429
11260,1.2504007816,2.1150007248,0.3333041966,333,19576,19429
11270,1.2503287792,2.1146321297,0.3331435025,333,19576,19429
11280,1.2501460314,2.1143906116,0.3329403698,333,19576,19429
11290,1.2501707077,2.1146404743,0.3324533701,332,19576,19429
11300,1.2500607967,2.1150474548,0.3322695792,332,19576,19429
11310,1.2509905100,2.1154215336,0.3321112096,332,19576,19429
11320,1.2511969805,2.1159451008,0.3318873644,332,19576,19429
11330,1.2515734434,2.1169033051,0.3316513598,332,19576,19429
11340,1.2515140772,2.1173343658,0.3300312757,328,19576,19429
11350,1.2511785030,2.1172459126,0.3297963440,328,19576,19429
11360,1.2509474754,2.1164875031,0.3296189904,328,19576,19429
11370,1.2510569096,2.1163551807,0.3294277787,328,19576,19429
11380,1.2510521412,2.1165523529,0.3299187124,331,19576,19429
11390,1.2514020205,2.1161465645,0.3297380209,331,19576,19429
11401,1.2514889240,2.1158537865,0.3295485675,331,19576,19429
11410,1.2512685061,2.1160438061,0.3293072581,331,19576,19429
11420,1.2513184547,2.1158432961,0.3290775418,332,19576,19429
11430,1.2514363527,2.1156940460,0.3300936520,332,19576,19435
11440,1.2507683039,2.1158225536,0.3299290538,332,19576,19435
11450,1.2512136698,2.1161472797,0.3298427761,332,19576,19435
11460,1.2513426542,2.1163990498,0.3297311068,332,19576,19435
11470,1.2511559725,2.1168761253,0.3289521933,328,19576,19435
11480,1.2516934872,2.1170809269,0.3287919760,328,19576,19435
11490,1.2511104345,2.1173102856,0.3286100030,328,19576,19435
11500,1.2504669428,2.1172668934,0.3285472989,328,19576,19435
11510,1.2505658865,2.1168456078,0.3274804056,326,19576,19435
11520,1.2505928278,2.1163315773,0.3273855150,326,19576,19435
11530,1.2503979206,2.1159243584,0.3272843957,326,19576,19435
11540,1.2502992153,2.1152060032,0.3271687329,326,19576,19435
11550,1.2502151728,2.1146404743,0.3270686865,326,19576,19435
11560,1.2500907183,2.1143593788,0.3265246749,326,19576,19435
11570,1.2501142025,2.1145043373,0.3264415562,326,19576,19435
11580,1.2497382164,2.1149289608,0.3263585269,326,19576,19435
11590,1.2508858442,2.1157183647,0.3263605237,326,19576,19435
11600,1.2517541647,2.1163775921,0.3261739910,326,19576,19435
11610,1.2519737482,2.1178936958,0.3261229098,326,19576,19435
11620,1.2521153688,2.1183645725,0.3260748684,326,19576,19435
11630,1.2505356073,2.1181852818,0.3260021508,326,19576,19435
11640,1.2514170408,2.1152505875,0.3261912465,332,19576,19435
11650,1.2505364418,2.1165974140,0.3287724257,332,19576,19435
11660,1.2511125803,2.1156523228,0.3289121985,332,19576,19435
11670,1.2508108616,2.1150190830,0.3290415108,332,19576,19435
11680,1.2507941723,2.1144220829,0.3291965425,332,19587,19435
11690,1.2498946190,2.1142189503,0.3279868960,326,19587,19435
11700,1.2493019104,2.1145012379,0.3280709684,326,19587,19435
11710,1.2502447367,2.1150314808,0.3281015456,326,19587,19435
11720,1.2502985001,2.1154842377,0.3281833827,326,19587,19435
11731,1.2493503094,2.1160356998,0.3277297318,327,19587,19435
11740,1.2501792908,2.1146085262,0.3277965486,327,19587,19435
11750,1.2497830391,2.1143441200,0.3277399838,327,19587,19435
11760,1.2491188049,2.1136164665,0.3277170360,327,19587,19435
11771,1.2495712042,2.1134407520,0.3276632428,327,19587,19435
11780,1.2492816448,2.1131746769,0.3277550042,328,19587,19435
11790,1.2492694855,2.1128597260,0.3276810944,328,19587,19435
11800,1.2490279675,2.1142244339,0.3276543617,328,19587,19435
11810,1.2490245104,2.1156671047,0.3275521100,328,19587,19435
11820,1.2483551502,2.1131029129,0.3273944557,327,19587,19435
11830,1.2477985620,2.1148192883,0.3273111880,327,19587,19435
11840,1.2477475405,2.1146624088,0.3272388577,327,19587,19435
11850,1.2472825050,2.1120765209,0.3272063136,327,19587,19435
11860,1.2470012903,2.1135525703,0.3271588385,327,19587,19435
11870,1.2469125986,2.1140892506,0.3269832730,327,19587,19435
11880,1.2470113039,2.1132915020,0.3268693984,327,19587,19435
11890,1.2473009825,2.1138167381,0.3267414570,327,19587,19435
11900,1.2473458052,2.1137197018,0.3266312480,327,19587,19435
11910,1.2476127148,2.1146836281,0.3262848854,326,19587,19435
11920,1.2475323677,2.1124358177,0.3262221515,326,19587,19435
11930,1.2469682693,2.1109523773,0.3260070980,326,19587,19435
11940,1.2466499805,2.1141419411,0.3261671960,326,19587,19436
11950,1.2459974289,2.1138787270,0.3260471225,326,19587,19436
11960,1.2460724115,2.1129815578,0.3259519041,326,19587,19436
11970,1.2456231117,2.1122477055,0.3258678019,326,19587,19436
11980,1.2469763756,2.1125380993,0.3257677555,326,19587,19436
11990,1.2463227510,2.1123681068,0.3256924748,326,19587,19436
12000,1.2465581894,2.1124055386,0.3273858428,330,19587,19436
12010,1.2475670576,2.1096806526,0.3273528218,330,19587,19436
12020,1.2474063635,2.1097939014,0.3274191320,330,19587,19436
12030,1.2470067739,2.1088850498,0.3273242414,330,19587,19436
12040,1.2468950748,2.1080853939,0.3267172873,326,19587,19436
12050,1.2462579012,2.1087419987,0.3267557621,326,19587,19436
12060,1.2467609644,2.1097524166,0.3267989457,326,19587,19436
12070,1.2457509041,2.1097354889,0.3267560303,326,19587,19436
12080,1.2456266880,2.1099159718,0.3272053599,328,19587,19436
12091,1.2457783222,2.1106655598,0.3271485269,328,19587,19436
12100,1.2461966276,2.1107537746,0.3270872831,328,19587,19436
12110,1.2462902069,2.1111600399,0.3270042539,328,19587,19436
12120,1.2464683056,2.1100494862,0.3269668519,328,19587,19436
12130,1.2465399504,2.1095740795,0.3273527920,328,19587,19436
12141,1.2463440895,2.1085939407,0.3273383677,328,19587,19436
12150,1.2461133003,2.1085047722,0.3273547590,328,19587,19436
12160,1.2458803654,2.1079046726,0.3273767233,328,19587,19436
12170,1.2454873323,2.1077089310,0.3292095661,332,19587,19436
12180,1.2456668615,2.1076180935,0.3293604255,332,19592,19436
12190,1.2459409237,2.1073715687,0.3295488358,332,19592,19436
12200,1.2453219891,2.1075963974,0.3296664059,332,19592,19436
12210,1.2453707457,2.1081295013,0.3298384547,332,19592,19436
12220,1.2450065613,2.1084160805,0.3304691315,331,19592,19436
12230,1.2460930347,2.1089065075,0.3306544721,331,19592,19436
12240,1.2459443808,2.1088454723,0.3308077455,331,19592,19436
12250,1.2456860542,2.1082463264,0.3309564888,331,19592,19436
12260,1.2456469536,2.1078536510,0.3306690753,330,19592,19436
12270,1.2449928522,2.1070370674,0.3307982385,330,19592,19436
12280,1.2447208166,2.1075174809,0.3309026659,330,19592,19436
12290,1.2440471649,2.1067073345,0.3309970200,330,19592,19436
12300,1.2442256212,2.1078641415,0.3311384320,334,19592,19436
12310,1.2442440987,2.1078274250,0.3323837817,334,19592,19436
12320,1.2458021641,2.1092343330,0.3325439394,334,19592,19436
12330,1.2458287477,2.1094975471,0.3326431513,334,19592,19436
12341,1.2456922531,2.1104087830,0.3327088058,334,19592,19436
12350,1.2448841333,2.1101975441,0.3328769207,333,19592,19436
12360,1.2444080114,2.1100957394,0.3328811228,333,19592,19436
12370,1.2442516088,2.1097912788,0.3328997493,333,19592,19436
12380,1.2446764708,2.1104469299,0.3328981102,333,19592,19436
12391,1.2445394993,2.1121850014,0.3313242793,329,19592,19436
12400,1.2444002628,2.1122972965,0.3312019706,329,19592,19436
12410,1.2445021868,2.1118769646,0.3310507536,329,19592,19436
12420,1.2446674109,2.1115436554,0.3308775723,329,19592,19436
12430,1.2448449135,2.1121585369,0.3307032585,329,19592,19441
12440,1.2449562550,2.1118211746,0.3302942514,330,19592,19441
12450,1.2450561523,2.1118161678,0.3300865591,330,19592,19441
12460,1.2447698116,2.1121516228,0.3298797607,330,19592,19441
12470,1.2442748547,2.1122527122,0.3296279907,330,19592,19441
12480,1.2440398932,2.1126434803,0.3308112323,333,19592,19441
12490,1.2437821627,2.1126966476,0.3306788206,333,19592,19441
12500,1.2437741756,2.1132121086,0.3304862976,333,19592,19441
12510,1.2440189123,2.1132254601,0.3303191662,333,19592,19441
12520,1.2443622351,2.1134631634,0.3301519752,333,19592,19441
12530,1.2445720434,2.1134386063,0.3291507065,328,19592,19441
12540,1.2444200516,2.1133644581,0.3289438784,328,19592,19441
12550,1.2448154688,2.1134729385,0.3287207186,328,19592,19441
12560,1.2445892096,2.1134963036,0.3285279870,328,19592,19441
12570,1.2446061373,2.1135892868,0.3285799623,329,19592,19441
12580,1.2444454432,2.1137986183,0.3283867538,329,19592,19441
12591,1.2442704439,2.1139223576,0.3281922936,329,19592,19441
12600,1.2432314157,2.1141684055,0.3279230297,329,19592,19441
12610,1.2431584597,2.1141197681,0.3277404308,326,19592,19441
12620,1.2432436943,2.1139581203,0.3268405795,326,19592,19441
12630,1.2433785200,2.1138463020,0.3266288936,326,19592,19441
12640,1.2435846329,2.1137950420,0.3264192045,326,19592,19441
12650,1.2437779903,2.1137797832,0.3261966705,326,19592,19441
12660,1.2439140081,2.1138484478,0.3251640797,324,19592,19441
12670,1.2440741062,2.1147067547,0.3248432279,324,19592,19441
12680,1.2440280914,2.1149926186,0.3245897591,324,19591,19441
12690,1.2439049482,2.1152172089,0.3242975175,324,19591,19441
12700,1.2436847687,2.1154282093,0.3252401054,327,19591,19441
12710,1.2434942722,2.1155145168,0.3250609636,327,19591,19441
12720,1.2433087826,2.1155142784,0.3248822093,327,19591,19441
12730,1.2432867289,2.1153707504,0.3247258663,327,19591,19441
12740,1.2441567183,2.1165337563,0.3245943189,327,19591,19441
12750,1.2435355186,2.1154985428,0.3238158226,323,19591,19441
12760,1.2435712814,2.1151788235,0.3236714005,323,19591,19441
12770,1.2443459034,2.1149616241,0.3235675395,323,19591,19441
12780,1.2443011999,2.1147756577,0.3234300911,323,19591,19441
12791,1.2444007397,2.1169083118,0.3235071301,324,19591,19441
12800,1.2442255020,2.1155951023,0.3234473765,324,19591,19441
12810,1.2431529760,2.1161122322,0.3233026266,324,19591,19441
12820,1.2432172298,2.1165268421,0.3231888115,324,19591,19441
12831,1.2425199747,2.1161847115,0.3230712712,323,19591,19441
12840,1.2416158915,2.1154503822,0.3229466081,323,19591,19441
12850,1.2412986755,2.1182904243,0.3228630424,323,19591,19441
12860,1.2415553331,2.1187608242,0.3227355480,323,19591,19441
12870,1.2414510250,2.1192739010,0.3226390779,323,19591,19441
12881,1.2418277264,2.1186246872,0.3223443925,322,19591,19441
12890,1.2413971424,2.1192512512,0.3222720921,322,19591,19441
12900,1.2416095734,2.1211626530,0.3221805692,322,19591,19441
12910,1.2410395145,2.1238272190,0.3219659030,322,19591,19441
12920,1.2411174774,2.1214768887,0.3222033381,322,19591,19441
12930,1.2411864996,2.1230709553,0.3221288323,322,19591,19445
12940,1.2411913872,2.1226162910,0.3221763074,322,19591,19445
12950,1.2411761284,2.1222715378,0.3221914470,322,19591,19445
12960,1.2409589291,2.1215903759,0.3221677542,322,19591,19445
12970,1.2402772903,2.1213259697,0.3212279677,320,19591,19445
12980,1.2401089668,2.1209418774,0.3211662769,320,19591,19445
12990,1.2415564060,2.1205823421,0.3211230040,320,19591,19445
13000,1.2412291765,2.1207747459,0.3210704327,320,19591,19445
13010,1.2405723333,2.1209974289,0.3210098743,321,19591,19445
13020,1.2406324148,2.1210341454,0.3209343255,321,19591,19445
13030,1.2409583330,2.1217660904,0.3208688796,321,19591,19445
13040,1.2408583164,2.1222512722,0.3207526505,321,19591,19445
13050,1.2403570414,2.1226663589,0.3206550479,321,19591,19445
13060,1.2401279211,2.1229579449,0.3203195632,320,19591,19445
13070,1.2400122881,2.1214029789,0.3202686906,320,19591,19445
13080,1.2398909330,2.1233901978,0.3202329576,320,19591,19445
13090,1.2397761345,2.1217081547,0.3202292919,320,19591,19445
13100,1.2398464680,2.1228003502,0.3205015063,321,19591,19445
13110,1.2387151718,2.1216082573,0.3203799427,321,19591,19445
13120,1.2405238152,2.1233870983,0.3204674423,321,19591,19445
13130,1.2405918837,2.1216053963,0.3204945624,321,19591,19445
13140,1.2409280539,2.1221241951,0.3204407394,323,19591,19445
13150,1.2409820557,2.1220424175,0.3214839399,323,19591,19445
13160,1.2408376932,2.1240248680,0.3215139210,323,19591,19445
13170,1.2412756681,2.1230769157,0.3216416538,323,19591,19445
13180,1.2408883572,2.1223030090,0.3216895759,323,19605,19445
13190,1.2409523726,2.1225121021,0.3226526380,324,19605,19445
13200,1.2409960032,2.1225628853,0.3227465451,324,19605,19445
13210,1.2404145002,2.1217801571,0.3228506744,324,19605,19445
13220,1.2400959730,2.1198949814,0.3229272664,324,19605,19445
13230,1.2394226789,2.1196153164,0.3229821026,319,19605,19445
13240,1.2403670549,2.1187853813,0.3214809299,319,19605,19445
13250,1.2409881353,2.1200923920,0.3216145337,319,19605,19445
13260,1.2406178713,2.1200118065,0.3216222525,319,19605,19445
13270,1.2404580116,2.1198265553,0.3217012584,319,19605,19445
13280,1.2406321764,2.1210815907,0.3201844096,318,19605,19445
13290,1.2402449846,2.1215581894,0.3200688064,318,19605,19445
13300,1.2402366400,2.1217803955,0.3199720681,318,19605,19445
13310,1.2401789427,2.1218068600,0.3198635876,318,19605,19445
13320,1.2399230003,2.1214666367,0.3214381933,324,19605,19445
13330,1.2395261526,2.1206243038,0.3214876950,324,19605,19445
13340,1.2392470837,2.1204903126,0.3214591146,324,19605,19445
13350,1.2391434908,2.1201226711,0.3214549720,324,19605,19445
13360,1.2398096323,2.1201701164,0.3214675784,318,19605,19445
13370,1.2399339676,2.1208803654,0.3200441003,318,19605,19445
13380,1.2401310205,2.1208677292,0.3199614882,318,19605,19445
13390,1.2396086454,2.1208653450,0.3198473155,318,19605,19445
13400,1.2395080328,2.1210336685,0.3198022842,318,19605,19445
13411,1.2399176359,2.1213123798,0.3202438653,321,19605,19445
13420,1.2399185896,2.1210477352,0.3202078640,321,19605,19445
13431,1.2399108410,2.1213176250,0.3201887906,321,19605,19461
13441,1.2396377325,2.1215751171,0.3201620281,321,19605,19461
13451,1.2392208576,2.1215891838,0.3201913238,318,19605,19461
13460,1.2388993502,2.1215898991,0.3192773461,318,19605,19461
13471,1.2395576239,2.1212837696,0.3192237914,318,19605,19461
13480,1.2393584251,2.1210694313,0.3191640973,318,19605,19461
13491,1.2400854826,2.1204061508,0.3190952837,318,19605,19461
13500,1.2400354147,2.1202893257,0.3177831471,316,19605,19461
13510,1.2399704456,2.1200535297,0.3176328540,316,19605,19461
13520,1.2401560545,2.1207602024,0.3175359070,316,19605,19461
13530,1.2395653725,2.1210384369,0.3174539208,316,19605,19461
13540,1.2393265963,2.1206345558,0.3172065318,317,19605,19461
13550,1.2392220497,2.1209449768,0.3170824349,317,19605,19461
13560,1.2391688824,2.1211218834,0.3169601560,317,19605,19461
13570,1.2391285896,2.1214523315,0.3168700933,317,19605,19461
13580,1.2392927408,2.1213409901,0.3168016970,317,19605,19461
13590,1.2400568724,2.1212167740,0.3167907596,317,19605,19461
13601,1.2400281429,2.1210622787,0.3166973591,317,19605,19461
13610,1.2401962280,2.1208207607,0.3166135550,317,19605,19461
13620,1.2403751612,2.1207368374,0.3164921403,317,19605,19461
13630,1.2402491570,2.1196153164,0.3174649477,319,19605,19461
13641,1.2400572300,2.1194460392,0.3173822761,319,19605,19461
13651,1.2400844097,2.1193149090,0.3173401058,319,19605,19461
13660,1.2403588295,2.1195631027,0.3173388243,319,19605,19461
13671,1.2401118279,2.1199934483,0.3175711036,318,19605,19461
13680,1.2400730848,2.1199746132,0.3175461292,318,19608,19461
13691,1.2409868240,2.1206004620,0.3175609708,318,19608,19461
13701,1.2409781218,2.1206490993,0.3175496757,318,19608,19461
13711,1.2404218912,2.1208562851,0.3174119890,318,19608,19461
13721,1.2403652668,2.1208980083,0.3180467188,319,19608,19461
13732,1.2405078411,2.1204390526,0.3180296123,319,19608,19461
13740,1.2406802177,2.1205413342,0.3180287480,319,19608,19461
13750,1.2403464317,2.1201257706,0.3180243671,319,19608,19461
13761,1.2408893108,2.1199607849,0.3172413707,316,19608,19461
13772,1.2402566671,2.1196477413,0.3172066212,316,19608,19461
13780,1.2395080328,2.1197996140,0.3171491325,316,19608,19461
13791,1.2390757799,2.1196241379,0.3170749545,316,19608,19461
13802,1.2388473749,2.1191396713,0.3170392811,318,19608,19461
13811,1.2387052774,2.1192436218,0.3173667192,318,19608,19461
13821,1.2389769554,2.1195313931,0.3173201084,318,19608,19461
13831,1.2395292521,2.1196155548,0.3172773421,318,19608,19461
13842,1.2400190830,2.1197772026,0.3172177970,318,19608,19461
13851,1.2396374941,2.1198892593,0.3183430433,320,19608,19461
13861,1.2398713827,2.1199407578,0.3183747828,320,19608,19461
13872,1.2395057678,2.1196267605,0.3183973730,320,19608,19461
13881,1.2392537594,2.1195590496,0.3184655011,320,19608,19461
13891,1.2389346361,2.1202690601,0.3179132640,317,19608,19461
13902,1.2384260893,2.1203711033,0.3178975582,317,19608,19461
13912,1.2378864288,2.1211888790,0.3178670406,317,19608,19461
13921,1.2378832102,2.1215083599,0.3178544044,317,19608,19461
13930,1.2376694679,2.1188950539,0.3179375231,317,19608,19462
13940,1.2377758026,2.1205492020,0.3180146515,318,19608,19462
13950,1.2380807400,2.1203961372,0.3179953992,318,19608,19462
13960,1.2385591269,2.1217746735,0.3179325163,318,19608,19462
13970,1.2388609648,2.1202549934,0.3179462552,318,19608,19462
13981,1.2390195131,2.1201202869,0.3191101551,321,19608,19462
13990,1.2389003038,2.1197855473,0.3191160858,321,19608,19462
14000,1.2378412485,2.1196877956,0.3191650510,321,19608,19462
14010,1.2375388145,2.1203353405,0.3192010224,321,19608,19462
14020,1.2377003431,2.1202428341,0.3192584813,318,19608,19462
14031,1.2370945215,2.1202592850,0.3187472820,318,19608,19462
14040,1.2367970943,2.1207909584,0.3187345862,318,19608,19462
14050,1.2367534637,2.1204121113,0.3187216222,318,19608,19462
14061,1.2369453907,2.1197812557,0.3187060952,318,19608,19462
14070,1.2366794348,2.1190547943,0.3176067472,316,19608,19462
14080,1.2373046875,2.1199612617,0.3175195456,316,19608,19462
14090,1.2370436192,2.1189203262,0.3173996508,316,19608,19462
14100,1.2364938259,2.1185569763,0.3172830343,316,19608,19462
14111,1.2363667488,2.1186850071,0.3167087138,316,19608,19462
14120,1.2346863747,2.1190660000,0.3164561093,316,19608,19462
14130,1.2344461679,2.1186327934,0.3162983060,316,19608,19462
14140,1.2342031002,2.1189196110,0.3161458969,316,19608,19462
14150,1.2340981960,2.1196866035,0.3159767389,316,19608,19462
14160,1.2347322702,2.1188855171,0.3163168430,317,19608,19462
14170,1.2346764803,2.1184012890,0.3161467612,317,19608,19462
14180,1.2348515987,2.1183164120,0.3160220981,317,19616,19462
14190,1.2348040342,2.1187396049,0.3158981204,317,19616,19462
14200,1.2345448732,2.1187343597,0.3170723319,319,19616,19462
14210,1.2345726490,2.1182558537,0.3170034885,319,19616,19462
14220,1.2344434261,2.1183722019,0.3169822097,319,19616,19462
14230,1.2340745926,2.1184680462,0.3169760704,319,19616,19462
14240,1.2336648703,2.1183080673,0.3169428408,319,19616,19462
14250,1.2335110903,2.1182062626,0.3156953156,314,19616,19462
14260,1.2330749035,2.1180295944,0.3155992329,314,19616,19462
14270,1.2330065966,2.1180040836,0.3155046999,314,19616,19462
14280,1.2330282927,2.1179265976,0.3154322207,314,19616,19462
14290,1.2331845760,2.1193115711,0.3168643713,319,19616,19462
14300,1.2333402634,2.1192896366,0.3168834150,319,19616,19462
14310,1.2335526943,2.1181917191,0.3169261813,319,19616,19462
14320,1.2336518764,2.1181139946,0.3169533312,319,19616,19462
14330,1.2336568832,2.1179523468,0.3170019388,318,19616,19462
14340,1.2342221737,2.1185069084,0.3175362945,318,19616,19462
14350,1.2341066599,2.1184539795,0.3176078796,318,19616,19462
14360,1.2338652611,2.1185576916,0.3176899850,318,19616,19462
14370,1.2337158918,2.1177856922,0.3177762628,318,19616,19462
14380,1.2336343527,2.1176557541,0.3170906901,316,19616,19462
14390,1.2348217964,2.1198415756,0.3172051311,316,19616,19462
14400,1.2348400354,2.1198937893,0.3172246516,316,19616,19462
14410,1.2348250151,2.1189987659,0.3172504902,316,19616,19462
14420,1.2348767519,2.1190233231,0.3183513284,320,19616,19462
14430,1.2346677780,2.1183302402,0.3184396327,320,19616,19470
14440,1.2351911068,2.1187725067,0.3185125887,320,19616,19470
14450,1.2343995571,2.1189067364,0.3186008036,320,19616,19470
14460,1.2347254753,2.1183850765,0.3186306059,320,19616,19470
14470,1.2344511747,2.1181566715,0.3175863922,316,19616,19470
14480,1.2343209982,2.1180851460,0.3175589442,316,19616,19470
14490,1.2333575487,2.1177899837,0.3174809813,316,19616,19470
14500,1.2348014116,2.1163194180,0.3174996376,316,19616,19470
14510,1.2347191572,2.1179254055,0.3181607127,319,19616,19470
14520,1.2349958420,2.1181113720,0.3181618750,319,19616,19470
14530,1.2345317602,2.1180109978,0.3181685507,319,19616,19470
14540,1.2342485189,2.1181523800,0.3181772530,319,19616,19470
14550,1.2345166206,2.1165459156,0.3181829751,317,19616,19470
14560,1.2343922853,2.1179316044,0.3177151680,317,19616,19470
14570,1.2347432375,2.1175463200,0.3176854551,317,19616,19470
14580,1.2354643345,2.1172416210,0.3176245987,317,19616,19470
14590,1.2353582382,2.1157038212,0.3175628185,317,19616,19470
14600,1.2352681160,2.1171526909,0.3181390464,319,19616,19470
14610,1.2349226475,2.1178765297,0.3181239367,319,19616,19470
14620,1.2362458706,2.1155633926,0.3181605339,319,19616,19470
14630,1.2355911732,2.1178276539,0.3182491958,319,19616,19470
14640,1.2358760834,2.1180989742,0.3165344596,314,19616,19470
14650,1.2353619337,2.1186060905,0.3163584769,314,19616,19470
14660,1.2360999584,2.1185083389,0.3162108064,314,19616,19470
14670,1.2362284660,2.1163198948,0.3160791397,314,19616,19470
14680,1.2367950678,2.1161620617,0.3159020543,314,19622,19470
14690,1.2360923290,2.1175270081,0.3170656562,319,19622,19470
14700,1.2359050512,2.1159865856,0.3170736432,319,19622,19470
14710,1.2353417873,2.1157875061,0.3169705868,319,19622,19470
14721,1.2364733219,2.1158025265,0.3169523180,319,19622,19470
14730,1.2360539436,2.1159040928,0.3165015578,316,19622,19470
14740,1.2360422611,2.1163024902,0.3163580298,316,19622,19470
14750,1.2355494499,2.1136362553,0.3162940741,316,19622,19470
14760,1.2353359461,2.1140272617,0.3162820637,316,19622,19470
14770,1.2358671427,2.1143887043,0.3163065910,316,19622,19470
14780,1.2362487316,2.1147270203,0.3170137405,318,19622,19470
14790,1.2355407476,2.1153585911,0.3169302940,318,19622,19470
14800,1.2356357574,2.1157410145,0.3168825805,318,19622,19470
14810,1.2356714010,2.1156873703,0.3168823719,318,19622,19470
14820,1.2358496189,2.1155619621,0.3169058561,317,19622,19470
14830,1.2357213497,2.1145763397,0.3168765306,317,19622,19470
14840,1.2354031801,2.1143238544,0.3167932332,317,19622,19470
14850,1.2354646921,2.1142070293,0.3166725338,317,19622,19470
14860,1.2349947691,2.1139998436,0.3171539307,318,19622,19470
14870,1.2344335318,2.1140623093,0.3170398176,318,19622,19470
14880,1.2342692614,2.1140487194,0.3169925511,318,19622,19470
14890,1.2345349789,2.1142270565,0.3169253767,318,19622,19470
14900,1.2343654633,2.1151013374,0.3168588579,318,19622,19470
14910,1.2338128090,2.1153395176,0.3168728054,317,19622,19470
14920,1.2336627245,2.1151335239,0.3167945445,317,19622,19470
14930,1.2333782911,2.1150877476,0.3167262375,317,19622,19484
14940,1.2333039045,2.1149396896,0.3166244626,317,19622,19484
14950,1.2333081961,2.1144342422,0.3158963919,315,19622,19484
14960,1.2333562374,2.1141641140,0.3157223463,315,19622,19484
14970,1.2332680225,2.1138756275,0.3155122697,315,19622,19484
14980,1.2331981659,2.1136002541,0.3152689338,315,19622,19484
14990,1.2332754135,2.1134123802,0.3149752617,315,19622,19484
15000,1.2332586050,2.1154568195,0.3144539893,314,19622,19484
15010,1.2334072590,2.1140820980,0.3141335547,314,19622,19484
15020,1.2335312366,2.1141765118,0.3137203753,314,19622,19484
15030,1.2329330444,2.1157658100,0.3132938445,314,19622,19484
15040,1.2328728437,2.1144561768,0.3129695952,313,19622,19484
15050,1.2325400114,2.1141810417,0.3124342263,313,19622,19484
15060,1.2325497866,2.1154329777,0.3118588626,313,19622,19484
15070,1.2330051661,2.1138894558,0.3113616705,313,19622,19484
15080,1.2326852083,2.1153030396,0.3107648492,308,19622,19484
15090,1.2330449820,2.1148755550,0.3090169132,308,19622,19484
15100,1.2331689596,2.1146402359,0.3082630634,308,19622,19484
15110,1.2332227230,2.1144108772,0.3074959517,308,19622,19484
15121,1.2335979939,2.1140820980,0.3067102432,308,19622,19484
15130,1.2328149080,2.1150135994,0.3055211604,305,19622,19484
15140,1.2334519625,2.1146948338,0.3045796752,305,19622,19484
15150,1.2332518101,2.1146039963,0.3034937084,305,19622,19484
15160,1.2332305908,2.1166224480,0.3024837673,305,19622,19484
15170,1.2331874371,2.1153113842,0.3021248877,303,19622,19484
15180,1.2330262661,2.1152377129,0.3010357022,303,19629,19484
15190,1.2336077690,2.1145613194,0.2999020815,303,19629,19484
15200,1.2335661650,2.1161551476,0.2988011241,303,19629,19484
15210,1.2334423065,2.1162309647,0.2974906266,299,19629,19484
15220,1.2333401442,2.1164021492,0.2968525589,299,19629,19484
15230,1.2337706089,2.1149163246,0.2954855263,299,19629,19484
15240,1.2335721254,2.1157045364,0.2940779626,299,19629,19484
15251,1.2361272573,2.1148240566,0.2927314937,299,19629,19484
15260,1.2332108021,2.1156854630,0.2911266983,290,19629,19484
15270,1.2364369631,2.1143772602,0.2897712886,290,19629,19484
15280,1.2360049486,2.1133222580,0.2881909013,290,19629,19484
15290,1.2304114103,2.1165032387,0.2873702049,290,19629,19484
15300,1.2301269770,2.1170077324,0.2866980135,288,19629,19484
15310,1.2303954363,2.1174042225,0.2852016389,288,19629,19484
15320,1.2342041731,2.1156849861,0.2845950127,288,19629,19484
15330,1.2398250103,2.1126952171,0.2827455997,288,19629,19484
15340,1.2373623848,2.1128053665,0.2825667262,288,19629,19484
15350,1.2280695438,2.1174499989,0.2822793722,281,19629,19484
15360,1.2374731302,2.1126639843,0.2845356464,281,19629,19484
15370,1.2407630682,2.1142923832,0.2828600109,281,19629,19484
15380,1.2275534868,2.1172263622,0.2867870629,281,19629,19484
15390,1.2265633345,2.1177635193,0.2799933553,272,19629,19484
15400,1.2287012339,2.1172411442,0.2796718478,272,19629,19484
15410,1.2277209759,2.1172943115,0.2782456577,272,19629,19484
15420,1.2247563601,2.1189906597,0.2761048377,272,19629,19484
15430,1.2324918509,2.1171507835,0.2784839571,272,19629,19498
15440,1.2352133989,2.1168088913,0.2706269324,264,19629,19498
15450,1.2272520065,2.1159937382,0.2717590630,264,19629,19498
15460,1.2338312864,2.1112511158,0.2708704174,264,19629,19498
15470,1.2371933460,2.1155607700,0.2704010308,264,19629,19498
15480,1.2442773581,2.1184422970,0.2609613538,255,19629,19498
15490,1.2436548471,2.1187169552,0.2603392303,255,19629,19498
15500,1.2438620329,2.1149940491,0.2591961324,255,19629,19498
15510,1.2424943447,2.1171107292,0.2588348687,255,19629,19498
15520,1.2428832054,2.1151139736,0.2569980919,245,19629,19498
15530,1.2427086830,2.1158630848,0.2500461936,245,19629,19498
15540,1.2429391146,2.1146945953,0.2476876676,245,19629,19498
15550,1.2426553965,2.1152992249,0.2452876568,245,19629,19498
15560,1.2431191206,2.1134326458,0.2428611368,245,19629,19498
15570,1.2431343794,2.1131472588,0.2359394729,232,19629,19498
15580,1.2443056107,2.1132953167,0.2331178188,232,19629,19498
15590,1.2454181910,2.1135897636,0.2305267155,232,19629,19498
15600,1.2453821898,2.1139621735,0.2277663052,232,19629,19498
15610,1.2458344698,2.1137921810,0.2233716398,221,19629,19498
15620,1.2450835705,2.1140506268,0.2205405533,221,19629,19498
15630,1.2457740307,2.1141953468,0.2177523673,221,19629,19498
15640,1.2450435162,2.1142518520,0.2149605155,221,19629,19498
15650,1.2436820269,2.1140613556,0.2119778246,221,19629,19498
15661,1.2462776899,2.1121220589,0.2111384720,215,19629,19498
15670,1.2460600138,2.1139044762,0.2089346945,215,19629,19498
15680,1.2466219664,2.1144549847,0.2063912898,215,19639,19498
15690,1.2515773773,2.1136953831,0.2044862509,215,19639,19498
15700,1.2510148287,2.1138923168,0.2026791871,203,19639,19498
15710,1.2518200874,2.1136534214,0.2006859630,203,19639,19498
15720,1.2507736683,2.1137206554,0.1991896778,203,19639,19498
15730,1.2504488230,2.1139781475,0.1973224878,203,19639,19498
15740,1.2504709959,2.1137444973,0.1947295219,194,19639,19498
15750,1.2495867014,2.1140902042,0.1924840361,194,19639,19498
15760,1.2494293451,2.1140694618,0.1903610379,194,19639,19498
15770,1.2490135431,2.1128761768,0.1883833110,194,19639,19498
15780,1.2490112782,2.1132357121,0.1867041141,194,19639,19498
15790,1.2487061024,2.1136534214,0.1847778261,187,19639,19498
15800,1.2494413853,2.1142833233,0.1829547137,187,19639,19498
15810,1.2465630770,2.1133451462,0.1814287007,187,19639,19498
15820,1.2462077141,2.1134252548,0.1797977239,187,19639,19498
15830,1.2455970049,2.1132278442,0.1777903140,178,19639,19498
15840,1.2459220886,2.1126801968,0.1763197929,178,19639,19498
15850,1.2451221943,2.1118464470,0.1742427349,178,19639,19498
15860,1.2446528673,2.1120896339,0.1725304723,178,19639,19498
15870,1.2434667349,2.1120703220,0.1705471277,178,19639,19498
15880,1.2433787584,2.1124854088,0.1694867015,172,19639,19498
15890,1.2424035072,2.1120049953,0.1675358117,172,19639,19498
15900,1.2422740459,2.1118788719,0.1659036130,172,19639,19498
15910,1.2415816784,2.1118729115,0.1640037149,172,19639,19498
15920,1.2413487434,2.1119191647,0.1622091830,164,19639,19498
15930,1.2402049303,2.1110703945,0.1605814844,164,19639,19494
15940,1.2394256592,2.1109259129,0.1587858349,164,19639,19494
15950,1.2391645908,2.1117172241,0.1569633186,164,19639,19494
15960,1.2388797998,2.1115663052,0.1551083922,155,19639,19494
15970,1.2382998466,2.1115241051,0.1532368660,155,19639,19494
15980,1.2380131483,2.1121287346,0.1513807029,155,19639,19494
15991,1.2377585173,2.1121721268,0.1494347155,155,19639,19494
16000,1.2373492718,2.1122822762,0.1473850757,155,19639,19494
16010,1.2371675968,2.1119964123,0.1463323534,150,19639,19494
16020,1.2371810675,2.1116986275,0.1441893280,150,19639,19494
16031,1.2371690273,2.1112577915,0.1417426318,150,19639,19494
16040,1.2371016741,2.1107494831,0.1394202858,150,19639,19494
16050,1.2378619909,2.1111135483,0.1383702904,139,19639,19494
16060,1.2390519381,2.1106944084,0.1357353479,139,19639,19494
16070,1.2380956411,2.1130986214,0.1361415982,139,19639,19494
16080,1.2382929325,2.1129910946,0.1362399608,139,19639,19494
16090,1.2389911413,2.1147730350,0.1315350384,139,19639,19494
16100,1.2388180494,2.1131236553,0.1381136775,132,19639,19494
16110,1.2386553288,2.1121833324,0.1355542094,132,19639,19494
16120,1.2381570339,2.1100606918,0.1295474917,132,19639,19494
16130,1.2383022308,2.1093306541,0.1300310344,132,19639,19494
16140,1.2381196022,2.1088020802,0.1280439049,127,19639,19494
